ts,value
2025-01-01 01:00:00,23.0
2025-01-01 02:00:00,21.11
2025-01-01 03:00:00,20.3
2025-01-01 04:00:00,21.53
2025-01-01 05:00:00,21.69
2025-01-01 06:00:00,24.11
2025-01-01 07:00:00,26.03
2025-01-01 08:00:00,30.24
2025-01-01 09:00:00,22.46
2025-01-01 10:00:00,18.83
2025-01-01 11:00:00,17.13
2025-01-01 12:00:00,16.64
2025-01-01 13:00:00,16.62
2025-01-01 14:00:00,15.45
2025-01-01 15:00:00,14.31
2025-01-01 16:00:00,15.0
2025-01-01 17:00:00,21.27
2025-01-01 18:00:00,38.24
2025-01-01 19:00:00,34.08
2025-01-01 20:00:00,30.0
2025-01-01 21:00:00,26.78
2025-01-01 22:00:00,19.84
2025-01-01 23:00:00,19.51
2025-01-02 00:00:00,17.97
2025-01-02 01:00:00,19.98
2025-01-02 02:00:00,17.74
2025-01-02 03:00:00,16.53
2025-01-02 04:00:00,16.87
2025-01-02 05:00:00,18.06
2025-01-02 06:00:00,23.12
2025-01-02 07:00:00,23.55
2025-01-02 08:00:00,26.72
2025-01-02 09:00:00,22.79
2025-01-02 10:00:00,20.38
2025-01-02 11:00:00,19.64
2025-01-02 12:00:00,19.73
2025-01-02 13:00:00,20.18
2025-01-02 14:00:00,20.42
2025-01-02 15:00:00,20.9
2025-01-02 16:00:00,20.78
2025-01-02 17:00:00,25.52
2025-01-02 18:00:00,40.28
2025-01-02 19:00:00,35.17
2025-01-02 20:00:00,31.29
2025-01-02 21:00:00,28.18
2025-01-02 22:00:00,24.23
2025-01-02 23:00:00,23.39
2025-01-03 00:00:00,22.16
2025-01-03 01:00:00,25.44
2025-01-03 02:00:00,24.17
2025-01-03 03:00:00,24.02
2025-01-03 04:00:00,24.87
2025-01-03 05:00:00,25.28
2025-01-03 06:00:00,30.72
2025-01-03 07:00:00,37.0
2025-01-03 08:00:00,43.52
2025-01-03 09:00:00,31.44
2025-01-03 10:00:00,24.63
2025-01-03 11:00:00,23.1
2025-01-03 12:00:00,20.84
2025-01-03 13:00:00,19.19
2025-01-03 14:00:00,17.58
2025-01-03 15:00:00,15.92
2025-01-03 16:00:00,16.22
2025-01-03 17:00:00,23.25
2025-01-03 18:00:00,34.55
2025-01-03 19:00:00,27.7
2025-01-03 20:00:00,21.08
2025-01-03 21:00:00,18.66
2025-01-03 22:00:00,15.41
2025-01-03 23:00:00,13.72
2025-01-04 00:00:00,9.27
2025-01-04 01:00:00,8.66
2025-01-04 02:00:00,5.2
2025-01-04 03:00:00,5.17
2025-01-04 04:00:00,5.95
2025-01-04 05:00:00,7.32
2025-01-04 06:00:00,10.2
2025-01-04 07:00:00,10.21
2025-01-04 08:00:00,12.66
2025-01-04 09:00:00,13.57
2025-01-04 10:00:00,11.18
2025-01-04 11:00:00,5.82
2025-01-04 12:00:00,2.72
2025-01-04 13:00:00,0.24
2025-01-04 14:00:00,-0.04
2025-01-04 15:00:00,0.03
2025-01-04 16:00:00,0.5
2025-01-04 17:00:00,2.8
2025-01-04 18:00:00,8.63
2025-01-04 19:00:00,8.49
2025-01-04 20:00:00,6.79
2025-01-04 21:00:00,5.93
2025-01-04 22:00:00,5.08
2025-01-04 23:00:00,1.43
2025-01-05 00:00:00,0.52
2025-01-05 01:00:00,0.5
2025-01-05 02:00:00,0.45
2025-01-05 03:00:00,0.39
2025-01-05 04:00:00,0.3
2025-01-05 05:00:00,0.66
2025-01-05 06:00:00,1.84
2025-01-05 07:00:00,5.28
2025-01-05 08:00:00,7.4
2025-01-05 09:00:00,1.7
2025-01-05 10:00:00,0.25
2025-01-05 11:00:00,-0.2
2025-01-05 12:00:00,0.05
2025-01-05 13:00:00,-0.07
2025-01-05 14:00:00,0.3
2025-01-05 15:00:00,0.37
2025-01-05 16:00:00,1.18
2025-01-05 17:00:00,8.15
2025-01-05 18:00:00,23.19
2025-01-05 19:00:00,23.95
2025-01-05 20:00:00,23.49
2025-01-05 21:00:00,23.35
2025-01-05 22:00:00,23.42
2025-01-05 23:00:00,22.53
2025-01-06 00:00:00,22.48
2025-01-06 01:00:00,21.84
2025-01-06 02:00:00,23.32
2025-01-06 03:00:00,23.95
2025-01-06 04:00:00,24.49
2025-01-06 05:00:00,29.08
2025-01-06 06:00:00,38.49
2025-01-06 07:00:00,76.5
2025-01-06 08:00:00,96.11
2025-01-06 09:00:00,40.34
2025-01-06 10:00:00,24.66
2025-01-06 11:00:00,23.36
2025-01-06 12:00:00,23.0
2025-01-06 13:00:00,22.15
2025-01-06 14:00:00,21.13
2025-01-06 15:00:00,20.72
2025-01-06 16:00:00,21.29
2025-01-06 17:00:00,28.78
2025-01-06 18:00:00,51.03
2025-01-06 19:00:00,65.95
2025-01-06 20:00:00,57.62
2025-01-06 21:00:00,53.81
2025-01-06 22:00:00,43.36
2025-01-06 23:00:00,36.46
2025-01-07 00:00:00,32.99
2025-01-07 01:00:00,37.91
2025-01-07 02:00:00,38.24
2025-01-07 03:00:00,38.45
2025-01-07 04:00:00,41.49
2025-01-07 05:00:00,42.82
2025-01-07 06:00:00,53.41
2025-01-07 07:00:00,89.85
2025-01-07 08:00:00,96.36
2025-01-07 09:00:00,50.64
2025-01-07 10:00:00,30.54
2025-01-07 11:00:00,27.63
2025-01-07 12:00:00,24.84
2025-01-07 13:00:00,24.56
2025-01-07 14:00:00,22.65
2025-01-07 15:00:00,20.78
2025-01-07 16:00:00,18.75
2025-01-07 17:00:00,24.14
2025-01-07 18:00:00,32.93
2025-01-07 19:00:00,36.78
2025-01-07 20:00:00,34.59
2025-01-07 21:00:00,33.4
2025-01-07 22:00:00,31.77
2025-01-07 23:00:00,28.7
2025-01-08 00:00:00,28.58
2025-01-08 01:00:00,27.35
2025-01-08 02:00:00,26.61
2025-01-08 03:00:00,27.46
2025-01-08 04:00:00,28.24
2025-01-08 05:00:00,30.91
2025-01-08 06:00:00,38.65
2025-01-08 07:00:00,55.65
2025-01-08 08:00:00,67.69
2025-01-08 09:00:00,52.66
2025-01-08 10:00:00,39.42
2025-01-08 11:00:00,38.63
2025-01-08 12:00:00,31.45
2025-01-08 13:00:00,27.58
2025-01-08 14:00:00,26.94
2025-01-08 15:00:00,25.98
2025-01-08 16:00:00,25.76
2025-01-08 17:00:00,33.36
2025-01-08 18:00:00,60.89
2025-01-08 19:00:00,62.67
2025-01-08 20:00:00,54.78
2025-01-08 21:00:00,43.49
2025-01-08 22:00:00,38.62
2025-01-08 23:00:00,30.76
2025-01-09 00:00:00,28.94
2025-01-09 01:00:00,28.44
2025-01-09 02:00:00,28.06
2025-01-09 03:00:00,27.16
2025-01-09 04:00:00,27.52
2025-01-09 05:00:00,28.59
2025-01-09 06:00:00,32.64
2025-01-09 07:00:00,42.35
2025-01-09 08:00:00,51.53
2025-01-09 09:00:00,52.38
2025-01-09 10:00:00,51.79
2025-01-09 11:00:00,54.31
2025-01-09 12:00:00,48.8
2025-01-09 13:00:00,43.5
2025-01-09 14:00:00,46.33
2025-01-09 15:00:00,44.63
2025-01-09 16:00:00,47.12
2025-01-09 17:00:00,58.27
2025-01-09 18:00:00,73.46
2025-01-09 19:00:00,65.64
2025-01-09 20:00:00,55.42
2025-01-09 21:00:00,49.77
2025-01-09 22:00:00,43.8
2025-01-09 23:00:00,30.86
2025-01-10 00:00:00,27.53
2025-01-10 01:00:00,31.06
2025-01-10 02:00:00,27.38
2025-01-10 03:00:00,24.79
2025-01-10 04:00:00,23.39
2025-01-10 05:00:00,23.65
2025-01-10 06:00:00,26.03
2025-01-10 07:00:00,31.35
2025-01-10 08:00:00,32.88
2025-01-10 09:00:00,29.39
2025-01-10 10:00:00,26.18
2025-01-10 11:00:00,23.79
2025-01-10 12:00:00,22.61
2025-01-10 13:00:00,21.06
2025-01-10 14:00:00,20.55
2025-01-10 15:00:00,20.09
2025-01-10 16:00:00,19.7
2025-01-10 17:00:00,24.83
2025-01-10 18:00:00,50.89
2025-01-10 19:00:00,59.35
2025-01-10 20:00:00,56.43
2025-01-10 21:00:00,45.71
2025-01-10 22:00:00,42.44
2025-01-10 23:00:00,32.89
2025-01-11 00:00:00,26.94
2025-01-11 01:00:00,27.74
2025-01-11 02:00:00,27.13
2025-01-11 03:00:00,26.36
2025-01-11 04:00:00,26.33
2025-01-11 05:00:00,27.2
2025-01-11 06:00:00,32.65
2025-01-11 07:00:00,34.79
2025-01-11 08:00:00,33.13
2025-01-11 09:00:00,26.82
2025-01-11 10:00:00,24.75
2025-01-11 11:00:00,20.73
2025-01-11 12:00:00,12.62
2025-01-11 13:00:00,4.53
2025-01-11 14:00:00,1.48
2025-01-11 15:00:00,0.44
2025-01-11 16:00:00,0.77
2025-01-11 17:00:00,5.66
2025-01-11 18:00:00,25.15
2025-01-11 19:00:00,28.3
2025-01-11 20:00:00,24.63
2025-01-11 21:00:00,25.0
2025-01-11 22:00:00,23.7
2025-01-11 23:00:00,22.93
2025-01-12 00:00:00,24.85
2025-01-12 01:00:00,25.37
2025-01-12 02:00:00,26.63
2025-01-12 03:00:00,25.53
2025-01-12 04:00:00,26.22
2025-01-12 05:00:00,26.34
2025-01-12 06:00:00,27.42
2025-01-12 07:00:00,34.77
2025-01-12 08:00:00,33.91
2025-01-12 09:00:00,27.72
2025-01-12 10:00:00,21.49
2025-01-12 11:00:00,17.38
2025-01-12 12:00:00,15.48
2025-01-12 13:00:00,17.46
2025-01-12 14:00:00,17.85
2025-01-12 15:00:00,15.08
2025-01-12 16:00:00,16.52
2025-01-12 17:00:00,23.95
2025-01-12 18:00:00,33.28
2025-01-12 19:00:00,38.27
2025-01-12 20:00:00,38.8
2025-01-12 21:00:00,39.76
2025-01-12 22:00:00,37.24
2025-01-12 23:00:00,31.8
2025-01-13 00:00:00,32.35
2025-01-13 01:00:00,25.38
2025-01-13 02:00:00,25.44
2025-01-13 03:00:00,26.52
2025-01-13 04:00:00,27.87
2025-01-13 05:00:00,31.69
2025-01-13 06:00:00,44.51
2025-01-13 07:00:00,65.72
2025-01-13 08:00:00,58.97
2025-01-13 09:00:00,36.29
2025-01-13 10:00:00,26.66
2025-01-13 11:00:00,23.46
2025-01-13 12:00:00,23.46
2025-01-13 13:00:00,22.37
2025-01-13 14:00:00,20.8
2025-01-13 15:00:00,17.13
2025-01-13 16:00:00,15.9
2025-01-13 17:00:00,24.94
2025-01-13 18:00:00,41.0
2025-01-13 19:00:00,39.21
2025-01-13 20:00:00,42.37
2025-01-13 21:00:00,39.43
2025-01-13 22:00:00,31.92
2025-01-13 23:00:00,28.26
2025-01-14 00:00:00,27.36
2025-01-14 01:00:00,26.54
2025-01-14 02:00:00,25.88
2025-01-14 03:00:00,26.52
2025-01-14 04:00:00,27.31
2025-01-14 05:00:00,28.88
2025-01-14 06:00:00,39.92
2025-01-14 07:00:00,58.36
2025-01-14 08:00:00,60.22
2025-01-14 09:00:00,35.34
2025-01-14 10:00:00,28.14
2025-01-14 11:00:00,26.25
2025-01-14 12:00:00,24.03
2025-01-14 13:00:00,22.72
2025-01-14 14:00:00,21.62
2025-01-14 15:00:00,21.21
2025-01-14 16:00:00,22.38
2025-01-14 17:00:00,27.14
2025-01-14 18:00:00,42.67
2025-01-14 19:00:00,43.76
2025-01-14 20:00:00,43.32
2025-01-14 21:00:00,36.3
2025-01-14 22:00:00,32.08
2025-01-14 23:00:00,30.43
2025-01-15 00:00:00,30.01
2025-01-15 01:00:00,30.75
2025-01-15 02:00:00,31.13
2025-01-15 03:00:00,30.68
2025-01-15 04:00:00,30.03
2025-01-15 05:00:00,30.73
2025-01-15 06:00:00,35.93
2025-01-15 07:00:00,51.91
2025-01-15 08:00:00,54.95
2025-01-15 09:00:00,38.36
2025-01-15 10:00:00,30.91
2025-01-15 11:00:00,27.57
2025-01-15 12:00:00,25.66
2025-01-15 13:00:00,24.14
2025-01-15 14:00:00,22.8
2025-01-15 15:00:00,21.75
2025-01-15 16:00:00,21.81
2025-01-15 17:00:00,26.24
2025-01-15 18:00:00,41.05
2025-01-15 19:00:00,43.54
2025-01-15 20:00:00,44.36
2025-01-15 21:00:00,45.11
2025-01-15 22:00:00,38.09
2025-01-15 23:00:00,33.58
2025-01-16 00:00:00,31.76
2025-01-16 01:00:00,38.22
2025-01-16 02:00:00,36.57
2025-01-16 03:00:00,35.71
2025-01-16 04:00:00,35.51
2025-01-16 05:00:00,35.36
2025-01-16 06:00:00,44.09
2025-01-16 07:00:00,70.94
2025-01-16 08:00:00,82.79
2025-01-16 09:00:00,42.0
2025-01-16 10:00:00,38.65
2025-01-16 11:00:00,32.13
2025-01-16 12:00:00,30.39
2025-01-16 13:00:00,27.37
2025-01-16 14:00:00,26.15
2025-01-16 15:00:00,25.36
2025-01-16 16:00:00,25.73
2025-01-16 17:00:00,29.81
2025-01-16 18:00:00,53.28
2025-01-16 19:00:00,56.07
2025-01-16 20:00:00,42.11
2025-01-16 21:00:00,34.44
2025-01-16 22:00:00,31.38
2025-01-16 23:00:00,26.46
2025-01-17 00:00:00,21.52
2025-01-17 01:00:00,14.77
2025-01-17 02:00:00,14.21
2025-01-17 03:00:00,13.53
2025-01-17 04:00:00,14.91
2025-01-17 05:00:00,17.48
2025-01-17 06:00:00,24.07
2025-01-17 07:00:00,30.38
2025-01-17 08:00:00,30.9
2025-01-17 09:00:00,23.23
2025-01-17 10:00:00,18.46
2025-01-17 11:00:00,14.01
2025-01-17 12:00:00,8.04
2025-01-17 13:00:00,2.63
2025-01-17 14:00:00,1.0
2025-01-17 15:00:00,1.36
2025-01-17 16:00:00,4.07
2025-01-17 17:00:00,6.29
2025-01-17 18:00:00,16.69
2025-01-17 19:00:00,20.16
2025-01-17 20:00:00,19.77
2025-01-17 21:00:00,18.98
2025-01-17 22:00:00,17.7
2025-01-17 23:00:00,16.73
2025-01-18 00:00:00,17.64
2025-01-18 01:00:00,16.17
2025-01-18 02:00:00,16.84
2025-01-18 03:00:00,17.28
2025-01-18 04:00:00,20.83
2025-01-18 05:00:00,24.93
2025-01-18 06:00:00,28.86
2025-01-18 07:00:00,32.08
2025-01-18 08:00:00,34.17
2025-01-18 09:00:00,23.45
2025-01-18 10:00:00,6.06
2025-01-18 11:00:00,5.32
2025-01-18 12:00:00,5.31
2025-01-18 13:00:00,10.27
2025-01-18 14:00:00,6.87
2025-01-18 15:00:00,1.19
2025-01-18 16:00:00,0.98
2025-01-18 17:00:00,3.53
2025-01-18 18:00:00,20.95
2025-01-18 19:00:00,19.4
2025-01-18 20:00:00,15.79
2025-01-18 21:00:00,8.62
2025-01-18 22:00:00,6.63
2025-01-18 23:00:00,14.57
2025-01-19 00:00:00,14.29
2025-01-19 01:00:00,13.43
2025-01-19 02:00:00,14.71
2025-01-19 03:00:00,15.13
2025-01-19 04:00:00,18.24
2025-01-19 05:00:00,27.05
2025-01-19 06:00:00,36.16
2025-01-19 07:00:00,45.19
2025-01-19 08:00:00,56.68
2025-01-19 09:00:00,36.46
2025-01-19 10:00:00,30.64
2025-01-19 11:00:00,25.99
2025-01-19 12:00:00,30.2
2025-01-19 13:00:00,28.99
2025-01-19 14:00:00,24.04
2025-01-19 15:00:00,18.03
2025-01-19 16:00:00,24.55
2025-01-19 17:00:00,34.39
2025-01-19 18:00:00,106.96
2025-01-19 19:00:00,116.14
2025-01-19 20:00:00,103.54
2025-01-19 21:00:00,89.19
2025-01-19 22:00:00,65.01
2025-01-19 23:00:00,43.54
2025-01-20 00:00:00,37.35
2025-01-20 01:00:00,49.18
2025-01-20 02:00:00,46.5
2025-01-20 03:00:00,46.43
2025-01-20 04:00:00,42.81
2025-01-20 05:00:00,40.1
2025-01-20 06:00:00,55.13
2025-01-20 07:00:00,67.88
2025-01-20 08:00:00,77.58
2025-01-20 09:00:00,49.47
2025-01-20 10:00:00,39.98
2025-01-20 11:00:00,30.65
2025-01-20 12:00:00,25.66
2025-01-20 13:00:00,38.78
2025-01-20 14:00:00,41.36
2025-01-20 15:00:00,42.87
2025-01-20 16:00:00,47.51
2025-01-20 17:00:00,59.37
2025-01-20 18:00:00,76.64
2025-01-20 19:00:00,75.22
2025-01-20 20:00:00,56.32
2025-01-20 21:00:00,54.65
2025-01-20 22:00:00,49.24
2025-01-20 23:00:00,55.14
2025-01-21 00:00:00,53.69
2025-01-21 01:00:00,54.1
2025-01-21 02:00:00,50.13
2025-01-21 03:00:00,53.67
2025-01-21 04:00:00,61.57
2025-01-21 05:00:00,68.29
2025-01-21 06:00:00,92.87
2025-01-21 07:00:00,112.89
2025-01-21 08:00:00,167.41
2025-01-21 09:00:00,149.03
2025-01-21 10:00:00,101.42
2025-01-21 11:00:00,79.42
2025-01-21 12:00:00,55.29
2025-01-21 13:00:00,46.09
2025-01-21 14:00:00,40.96
2025-01-21 15:00:00,36.03
2025-01-21 16:00:00,33.78
2025-01-21 17:00:00,41.38
2025-01-21 18:00:00,79.01
2025-01-21 19:00:00,86.7
2025-01-21 20:00:00,84.25
2025-01-21 21:00:00,90.26
2025-01-21 22:00:00,71.87
2025-01-21 23:00:00,71.41
2025-01-22 00:00:00,64.2
2025-01-22 01:00:00,47.59
2025-01-22 02:00:00,41.81
2025-01-22 03:00:00,46.17
2025-01-22 04:00:00,45.82
2025-01-22 05:00:00,49.0
2025-01-22 06:00:00,54.83
2025-01-22 07:00:00,99.3
2025-01-22 08:00:00,102.31
2025-01-22 09:00:00,68.09
2025-01-22 10:00:00,36.82
2025-01-22 11:00:00,25.34
2025-01-22 12:00:00,22.95
2025-01-22 13:00:00,21.79
2025-01-22 14:00:00,20.54
2025-01-22 15:00:00,16.83
2025-01-22 16:00:00,15.83
2025-01-22 17:00:00,23.5
2025-01-22 18:00:00,35.24
2025-01-22 19:00:00,39.73
2025-01-22 20:00:00,37.7
2025-01-22 21:00:00,35.81
2025-01-22 22:00:00,36.12
2025-01-22 23:00:00,32.49
2025-01-23 00:00:00,29.76
2025-01-23 01:00:00,27.11
2025-01-23 02:00:00,26.71
2025-01-23 03:00:00,26.9
2025-01-23 04:00:00,30.78
2025-01-23 05:00:00,28.72
2025-01-23 06:00:00,41.26
2025-01-23 07:00:00,54.38
2025-01-23 08:00:00,54.52
2025-01-23 09:00:00,31.15
2025-01-23 10:00:00,21.12
2025-01-23 11:00:00,16.71
2025-01-23 12:00:00,13.87
2025-01-23 13:00:00,9.49
2025-01-23 14:00:00,7.96
2025-01-23 15:00:00,4.83
2025-01-23 16:00:00,4.86
2025-01-23 17:00:00,16.31
2025-01-23 18:00:00,31.65
2025-01-23 19:00:00,40.15
2025-01-23 20:00:00,43.28
2025-01-23 21:00:00,47.21
2025-01-23 22:00:00,49.59
2025-01-23 23:00:00,51.95
2025-01-24 00:00:00,44.49
2025-01-24 01:00:00,42.81
2025-01-24 02:00:00,34.84
2025-01-24 03:00:00,30.03
2025-01-24 04:00:00,30.25
2025-01-24 05:00:00,29.55
2025-01-24 06:00:00,33.35
2025-01-24 07:00:00,40.25
2025-01-24 08:00:00,40.44
2025-01-24 09:00:00,24.59
2025-01-24 10:00:00,20.56
2025-01-24 11:00:00,17.05
2025-01-24 12:00:00,8.95
2025-01-24 13:00:00,8.69
2025-01-24 14:00:00,3.8
2025-01-24 15:00:00,0.89
2025-01-24 16:00:00,0.55
2025-01-24 17:00:00,4.76
2025-01-24 18:00:00,20.56
2025-01-24 19:00:00,26.74
2025-01-24 20:00:00,23.79
2025-01-24 21:00:00,25.0
2025-01-24 22:00:00,27.7
2025-01-24 23:00:00,28.3
2025-01-25 00:00:00,28.5
2025-01-25 01:00:00,26.93
2025-01-25 02:00:00,21.84
2025-01-25 03:00:00,21.33
2025-01-25 04:00:00,21.42
2025-01-25 05:00:00,20.65
2025-01-25 06:00:00,23.78
2025-01-25 07:00:00,30.51
2025-01-25 08:00:00,33.86
2025-01-25 09:00:00,26.14
2025-01-25 10:00:00,22.67
2025-01-25 11:00:00,20.94
2025-01-25 12:00:00,16.02
2025-01-25 13:00:00,16.01
2025-01-25 14:00:00,17.31
2025-01-25 15:00:00,20.06
2025-01-25 16:00:00,22.84
2025-01-25 17:00:00,24.18
2025-01-25 18:00:00,44.43
2025-01-25 19:00:00,36.22
2025-01-25 20:00:00,26.12
2025-01-25 21:00:00,22.79
2025-01-25 22:00:00,21.78
2025-01-25 23:00:00,25.51
2025-01-26 00:00:00,24.18
2025-01-26 01:00:00,25.58
2025-01-26 02:00:00,23.68
2025-01-26 03:00:00,22.49
2025-01-26 04:00:00,23.35
2025-01-26 05:00:00,26.2
2025-01-26 06:00:00,26.88
2025-01-26 07:00:00,27.18
2025-01-26 08:00:00,29.58
2025-01-26 09:00:00,33.75
2025-01-26 10:00:00,34.81
2025-01-26 11:00:00,35.37
2025-01-26 12:00:00,35.28
2025-01-26 13:00:00,30.69
2025-01-26 14:00:00,28.55
2025-01-26 15:00:00,28.72
2025-01-26 16:00:00,29.42
2025-01-26 17:00:00,34.27
2025-01-26 18:00:00,50.13
2025-01-26 19:00:00,53.32
2025-01-26 20:00:00,41.08
2025-01-26 21:00:00,36.99
2025-01-26 22:00:00,31.32
2025-01-26 23:00:00,29.28
2025-01-27 00:00:00,26.69
2025-01-27 01:00:00,23.23
2025-01-27 02:00:00,23.91
2025-01-27 03:00:00,24.91
2025-01-27 04:00:00,27.13
2025-01-27 05:00:00,28.6
2025-01-27 06:00:00,37.23
2025-01-27 07:00:00,51.15
2025-01-27 08:00:00,65.9
2025-01-27 09:00:00,49.19
2025-01-27 10:00:00,38.05
2025-01-27 11:00:00,32.95
2025-01-27 12:00:00,28.58
2025-01-27 13:00:00,23.77
2025-01-27 14:00:00,22.55
2025-01-27 15:00:00,22.57
2025-01-27 16:00:00,23.15
2025-01-27 17:00:00,27.16
2025-01-27 18:00:00,50.3
2025-01-27 19:00:00,58.05
2025-01-27 20:00:00,48.93
2025-01-27 21:00:00,42.37
2025-01-27 22:00:00,36.47
2025-01-27 23:00:00,32.79
2025-01-28 00:00:00,31.45
2025-01-28 01:00:00,26.46
2025-01-28 02:00:00,26.48
2025-01-28 03:00:00,26.82
2025-01-28 04:00:00,28.39
2025-01-28 05:00:00,29.41
2025-01-28 06:00:00,35.89
2025-01-28 07:00:00,53.23
2025-01-28 08:00:00,58.98
2025-01-28 09:00:00,46.13
2025-01-28 10:00:00,41.4
2025-01-28 11:00:00,35.01
2025-01-28 12:00:00,28.42
2025-01-28 13:00:00,25.4
2025-01-28 14:00:00,23.03
2025-01-28 15:00:00,23.28
2025-01-28 16:00:00,25.13
2025-01-28 17:00:00,32.58
2025-01-28 18:00:00,42.09
2025-01-28 19:00:00,42.84
2025-01-28 20:00:00,33.96
2025-01-28 21:00:00,29.45
2025-01-28 22:00:00,26.3
2025-01-28 23:00:00,26.25
2025-01-29 00:00:00,24.93
2025-01-29 01:00:00,26.65
2025-01-29 02:00:00,25.54
2025-01-29 03:00:00,24.99
2025-01-29 04:00:00,25.15
2025-01-29 05:00:00,26.45
2025-01-29 06:00:00,29.44
2025-01-29 07:00:00,39.08
2025-01-29 08:00:00,43.77
2025-01-29 09:00:00,41.32
2025-01-29 10:00:00,41.45
2025-01-29 11:00:00,33.26
2025-01-29 12:00:00,26.4
2025-01-29 13:00:00,23.69
2025-01-29 14:00:00,23.02
2025-01-29 15:00:00,20.88
2025-01-29 16:00:00,21.57
2025-01-29 17:00:00,24.41
2025-01-29 18:00:00,34.43
2025-01-29 19:00:00,39.41
2025-01-29 20:00:00,37.17
2025-01-29 21:00:00,35.04
2025-01-29 22:00:00,29.34
2025-01-29 23:00:00,27.89
2025-01-30 00:00:00,24.87
2025-01-30 01:00:00,26.29
2025-01-30 02:00:00,23.07
2025-01-30 03:00:00,22.01
2025-01-30 04:00:00,20.16
2025-01-30 05:00:00,20.82
2025-01-30 06:00:00,24.44
2025-01-30 07:00:00,31.4
2025-01-30 08:00:00,26.97
2025-01-30 09:00:00,22.61
2025-01-30 10:00:00,21.9
2025-01-30 11:00:00,20.96
2025-01-30 12:00:00,16.68
2025-01-30 13:00:00,13.85
2025-01-30 14:00:00,10.35
2025-01-30 15:00:00,8.89
2025-01-30 16:00:00,7.94
2025-01-30 17:00:00,13.26
2025-01-30 18:00:00,19.99
2025-01-30 19:00:00,24.15
2025-01-30 20:00:00,23.92
2025-01-30 21:00:00,20.87
2025-01-30 22:00:00,18.35
2025-01-30 23:00:00,17.58
2025-01-31 00:00:00,16.46
2025-01-31 01:00:00,14.27
2025-01-31 02:00:00,14.19
2025-01-31 03:00:00,13.7
2025-01-31 04:00:00,14.81
2025-01-31 05:00:00,15.75
2025-01-31 06:00:00,18.24
2025-01-31 07:00:00,24.81
2025-01-31 08:00:00,26.35
2025-01-31 09:00:00,18.42
2025-01-31 10:00:00,10.18
2025-01-31 11:00:00,7.2
2025-01-31 12:00:00,5.49
2025-01-31 13:00:00,4.98
2025-01-31 14:00:00,5.7
2025-01-31 15:00:00,10.37
2025-01-31 16:00:00,16.44
2025-01-31 17:00:00,23.29
2025-01-31 18:00:00,43.82
2025-01-31 19:00:00,55.9
2025-01-31 20:00:00,54.14
2025-01-31 21:00:00,49.41
2025-01-31 22:00:00,40.07
2025-01-31 23:00:00,31.9
2025-02-01 00:00:00,28.17
2025-02-01 01:00:00,34.05
2025-02-01 02:00:00,28.63
2025-02-01 03:00:00,26.6
2025-02-01 04:00:00,25.17
2025-02-01 05:00:00,26.26
2025-02-01 06:00:00,24.15
2025-02-01 07:00:00,25.7
2025-02-01 08:00:00,23.87
2025-02-01 09:00:00,18.54
2025-02-01 10:00:00,10.32
2025-02-01 11:00:00,6.73
2025-02-01 12:00:00,4.46
2025-02-01 13:00:00,2.48
2025-02-01 14:00:00,1.39
2025-02-01 15:00:00,0.03
2025-02-01 16:00:00,0.93
2025-02-01 17:00:00,6.44
2025-02-01 18:00:00,29.39
2025-02-01 19:00:00,25.82
2025-02-01 20:00:00,19.85
2025-02-01 21:00:00,17.96
2025-02-01 22:00:00,16.03
2025-02-01 23:00:00,15.75
2025-02-02 00:00:00,13.47
2025-02-02 01:00:00,13.78
2025-02-02 02:00:00,12.28
2025-02-02 03:00:00,11.93
2025-02-02 04:00:00,11.34
2025-02-02 05:00:00,12.68
2025-02-02 06:00:00,15.45
2025-02-02 07:00:00,19.44
2025-02-02 08:00:00,21.67
2025-02-02 09:00:00,11.39
2025-02-02 10:00:00,7.5
2025-02-02 11:00:00,9.32
2025-02-02 12:00:00,14.35
2025-02-02 13:00:00,13.5
2025-02-02 14:00:00,13.0
2025-02-02 15:00:00,8.2
2025-02-02 16:00:00,4.36
2025-02-02 17:00:00,13.79
2025-02-02 18:00:00,39.25
2025-02-02 19:00:00,33.91
2025-02-02 20:00:00,22.32
2025-02-02 21:00:00,16.63
2025-02-02 22:00:00,14.5
2025-02-02 23:00:00,13.47
2025-02-03 00:00:00,11.02
2025-02-03 01:00:00,6.72
2025-02-03 02:00:00,5.15
2025-02-03 03:00:00,3.69
2025-02-03 04:00:00,3.4
2025-02-03 05:00:00,6.73
2025-02-03 06:00:00,12.75
2025-02-03 07:00:00,19.05
2025-02-03 08:00:00,22.44
2025-02-03 09:00:00,13.03
2025-02-03 10:00:00,7.48
2025-02-03 11:00:00,10.01
2025-02-03 12:00:00,15.04
2025-02-03 13:00:00,17.68
2025-02-03 14:00:00,18.27
2025-02-03 15:00:00,19.34
2025-02-03 16:00:00,19.72
2025-02-03 17:00:00,18.75
2025-02-03 18:00:00,55.91
2025-02-03 19:00:00,44.63
2025-02-03 20:00:00,30.5
2025-02-03 21:00:00,24.56
2025-02-03 22:00:00,17.59
2025-02-03 23:00:00,23.12
2025-02-04 00:00:00,17.99
2025-02-04 01:00:00,13.6
2025-02-04 02:00:00,13.19
2025-02-04 03:00:00,13.64
2025-02-04 04:00:00,15.51
2025-02-04 05:00:00,16.91
2025-02-04 06:00:00,24.81
2025-02-04 07:00:00,27.61
2025-02-04 08:00:00,30.33
2025-02-04 09:00:00,27.54
2025-02-04 10:00:00,27.06
2025-02-04 11:00:00,23.74
2025-02-04 12:00:00,22.34
2025-02-04 13:00:00,20.47
2025-02-04 14:00:00,21.84
2025-02-04 15:00:00,19.56
2025-02-04 16:00:00,19.07
2025-02-04 17:00:00,17.5
2025-02-04 18:00:00,34.59
2025-02-04 19:00:00,33.73
2025-02-04 20:00:00,26.26
2025-02-04 21:00:00,22.24
2025-02-04 22:00:00,20.91
2025-02-04 23:00:00,19.44
2025-02-05 00:00:00,19.39
2025-02-05 01:00:00,23.72
2025-02-05 02:00:00,20.84
2025-02-05 03:00:00,17.59
2025-02-05 04:00:00,15.82
2025-02-05 05:00:00,14.53
2025-02-05 06:00:00,18.69
2025-02-05 07:00:00,24.08
2025-02-05 08:00:00,23.49
2025-02-05 09:00:00,17.42
2025-02-05 10:00:00,11.2
2025-02-05 11:00:00,9.46
2025-02-05 12:00:00,8.82
2025-02-05 13:00:00,8.57
2025-02-05 14:00:00,9.31
2025-02-05 15:00:00,10.33
2025-02-05 16:00:00,12.49
2025-02-05 17:00:00,15.55
2025-02-05 18:00:00,29.64
2025-02-05 19:00:00,32.39
2025-02-05 20:00:00,26.0
2025-02-05 21:00:00,21.27
2025-02-05 22:00:00,18.47
2025-02-05 23:00:00,16.5
2025-02-06 00:00:00,14.14
2025-02-06 01:00:00,13.88
2025-02-06 02:00:00,13.63
2025-02-06 03:00:00,14.37
2025-02-06 04:00:00,16.03
2025-02-06 05:00:00,19.63
2025-02-06 06:00:00,24.82
2025-02-06 07:00:00,28.01
2025-02-06 08:00:00,28.76
2025-02-06 09:00:00,23.4
2025-02-06 10:00:00,19.25
2025-02-06 11:00:00,21.26
2025-02-06 12:00:00,23.82
2025-02-06 13:00:00,23.12
2025-02-06 14:00:00,22.99
2025-02-06 15:00:00,20.34
2025-02-06 16:00:00,20.19
2025-02-06 17:00:00,23.81
2025-02-06 18:00:00,46.06
2025-02-06 19:00:00,46.62
2025-02-06 20:00:00,34.82
2025-02-06 21:00:00,28.81
2025-02-06 22:00:00,25.35
2025-02-06 23:00:00,23.62
2025-02-07 00:00:00,22.16
2025-02-07 01:00:00,24.55
2025-02-07 02:00:00,22.38
2025-02-07 03:00:00,22.11
2025-02-07 04:00:00,22.31
2025-02-07 05:00:00,25.8
2025-02-07 06:00:00,28.95
2025-02-07 07:00:00,33.69
2025-02-07 08:00:00,38.37
2025-02-07 09:00:00,26.6
2025-02-07 10:00:00,23.56
2025-02-07 11:00:00,20.55
2025-02-07 12:00:00,19.77
2025-02-07 13:00:00,18.87
2025-02-07 14:00:00,18.74
2025-02-07 15:00:00,18.03
2025-02-07 16:00:00,17.77
2025-02-07 17:00:00,18.7
2025-02-07 18:00:00,35.14
2025-02-07 19:00:00,33.77
2025-02-07 20:00:00,23.63
2025-02-07 21:00:00,20.44
2025-02-07 22:00:00,17.45
2025-02-07 23:00:00,16.08
2025-02-08 00:00:00,12.37
2025-02-08 01:00:00,12.99
2025-02-08 02:00:00,10.47
2025-02-08 03:00:00,9.62
2025-02-08 04:00:00,8.49
2025-02-08 05:00:00,9.32
2025-02-08 06:00:00,11.91
2025-02-08 07:00:00,15.39
2025-02-08 08:00:00,17.79
2025-02-08 09:00:00,9.39
2025-02-08 10:00:00,5.46
2025-02-08 11:00:00,6.66
2025-02-08 12:00:00,12.43
2025-02-08 13:00:00,16.54
2025-02-08 14:00:00,17.15
2025-02-08 15:00:00,18.41
2025-02-08 16:00:00,18.38
2025-02-08 17:00:00,18.74
2025-02-08 18:00:00,34.2
2025-02-08 19:00:00,38.08
2025-02-08 20:00:00,30.54
2025-02-08 21:00:00,26.91
2025-02-08 22:00:00,20.22
2025-02-08 23:00:00,24.03
2025-02-09 00:00:00,26.09
2025-02-09 01:00:00,33.57
2025-02-09 02:00:00,28.67
2025-02-09 03:00:00,30.83
2025-02-09 04:00:00,29.76
2025-02-09 05:00:00,28.32
2025-02-09 06:00:00,27.65
2025-02-09 07:00:00,24.26
2025-02-09 08:00:00,27.32
2025-02-09 09:00:00,25.16
2025-02-09 10:00:00,23.83
2025-02-09 11:00:00,25.61
2025-02-09 12:00:00,26.99
2025-02-09 13:00:00,25.06
2025-02-09 14:00:00,26.74
2025-02-09 15:00:00,24.86
2025-02-09 16:00:00,26.14
2025-02-09 17:00:00,27.89
2025-02-09 18:00:00,35.82
2025-02-09 19:00:00,41.57
2025-02-09 20:00:00,36.96
2025-02-09 21:00:00,38.44
2025-02-09 22:00:00,36.17
2025-02-09 23:00:00,31.18
2025-02-10 00:00:00,28.79
2025-02-10 01:00:00,24.01
2025-02-10 02:00:00,23.48
2025-02-10 03:00:00,23.29
2025-02-10 04:00:00,24.21
2025-02-10 05:00:00,26.93
2025-02-10 06:00:00,32.84
2025-02-10 07:00:00,37.38
2025-02-10 08:00:00,43.24
2025-02-10 09:00:00,39.72
2025-02-10 10:00:00,43.57
2025-02-10 11:00:00,41.7
2025-02-10 12:00:00,35.22
2025-02-10 13:00:00,29.71
2025-02-10 14:00:00,28.53
2025-02-10 15:00:00,26.53
2025-02-10 16:00:00,27.81
2025-02-10 17:00:00,31.0
2025-02-10 18:00:00,38.13
2025-02-10 19:00:00,44.83
2025-02-10 20:00:00,42.43
2025-02-10 21:00:00,37.99
2025-02-10 22:00:00,32.72
2025-02-10 23:00:00,27.83
2025-02-11 00:00:00,25.72
2025-02-11 01:00:00,23.16
2025-02-11 02:00:00,22.16
2025-02-11 03:00:00,21.72
2025-02-11 04:00:00,21.64
2025-02-11 05:00:00,23.3
2025-02-11 06:00:00,26.82
2025-02-11 07:00:00,30.77
2025-02-11 08:00:00,31.87
2025-02-11 09:00:00,32.46
2025-02-11 10:00:00,28.42
2025-02-11 11:00:00,26.69
2025-02-11 12:00:00,24.88
2025-02-11 13:00:00,23.76
2025-02-11 14:00:00,22.51
2025-02-11 15:00:00,22.05
2025-02-11 16:00:00,22.16
2025-02-11 17:00:00,24.77
2025-02-11 18:00:00,29.21
2025-02-11 19:00:00,33.51
2025-02-11 20:00:00,29.08
2025-02-11 21:00:00,29.58
2025-02-11 22:00:00,26.37
2025-02-11 23:00:00,24.97
2025-02-12 00:00:00,23.43
2025-02-12 01:00:00,24.04
2025-02-12 02:00:00,25.77
2025-02-12 03:00:00,26.89
2025-02-12 04:00:00,27.88
2025-02-12 05:00:00,28.14
2025-02-12 06:00:00,34.51
2025-02-12 07:00:00,42.94
2025-02-12 08:00:00,44.74
2025-02-12 09:00:00,30.75
2025-02-12 10:00:00,24.08
2025-02-12 11:00:00,23.65
2025-02-12 12:00:00,20.93
2025-02-12 13:00:00,19.09
2025-02-12 14:00:00,17.79
2025-02-12 15:00:00,15.85
2025-02-12 16:00:00,12.7
2025-02-12 17:00:00,15.14
2025-02-12 18:00:00,26.02
2025-02-12 19:00:00,31.19
2025-02-12 20:00:00,26.75
2025-02-12 21:00:00,31.38
2025-02-12 22:00:00,30.0
2025-02-12 23:00:00,26.19
2025-02-13 00:00:00,25.96
2025-02-13 01:00:00,31.15
2025-02-13 02:00:00,28.14
2025-02-13 03:00:00,28.03
2025-02-13 04:00:00,28.26
2025-02-13 05:00:00,30.33
2025-02-13 06:00:00,42.51
2025-02-13 07:00:00,70.18
2025-02-13 08:00:00,84.59
2025-02-13 09:00:00,57.44
2025-02-13 10:00:00,44.45
2025-02-13 11:00:00,35.72
2025-02-13 12:00:00,28.03
2025-02-13 13:00:00,25.12
2025-02-13 14:00:00,23.29
2025-02-13 15:00:00,22.86
2025-02-13 16:00:00,23.84
2025-02-13 17:00:00,28.92
2025-02-13 18:00:00,37.15
2025-02-13 19:00:00,47.27
2025-02-13 20:00:00,49.44
2025-02-13 21:00:00,44.21
2025-02-13 22:00:00,39.72
2025-02-13 23:00:00,36.37
2025-02-14 00:00:00,32.17
2025-02-14 01:00:00,33.27
2025-02-14 02:00:00,29.11
2025-02-14 03:00:00,28.37
2025-02-14 04:00:00,28.72
2025-02-14 05:00:00,28.93
2025-02-14 06:00:00,33.76
2025-02-14 07:00:00,38.78
2025-02-14 08:00:00,34.65
2025-02-14 09:00:00,28.14
2025-02-14 10:00:00,28.64
2025-02-14 11:00:00,26.76
2025-02-14 12:00:00,24.66
2025-02-14 13:00:00,22.66
2025-02-14 14:00:00,20.39
2025-02-14 15:00:00,20.17
2025-02-14 16:00:00,19.75
2025-02-14 17:00:00,20.08
2025-02-14 18:00:00,23.79
2025-02-14 19:00:00,30.56
2025-02-14 20:00:00,26.64
2025-02-14 21:00:00,28.17
2025-02-14 22:00:00,24.05
2025-02-14 23:00:00,23.09
2025-02-15 00:00:00,22.14
2025-02-15 01:00:00,18.73
2025-02-15 02:00:00,17.89
2025-02-15 03:00:00,18.22
2025-02-15 04:00:00,18.74
2025-02-15 05:00:00,19.98
2025-02-15 06:00:00,24.78
2025-02-15 07:00:00,29.23
2025-02-15 08:00:00,29.65
2025-02-15 09:00:00,27.32
2025-02-15 10:00:00,21.5
2025-02-15 11:00:00,15.94
2025-02-15 12:00:00,11.99
2025-02-15 13:00:00,4.61
2025-02-15 14:00:00,2.13
2025-02-15 15:00:00,0.97
2025-02-15 16:00:00,0.82
2025-02-15 17:00:00,2.92
2025-02-15 18:00:00,16.3
2025-02-15 19:00:00,26.29
2025-02-15 20:00:00,27.66
2025-02-15 21:00:00,27.89
2025-02-15 22:00:00,30.09
2025-02-15 23:00:00,29.78
2025-02-16 00:00:00,28.89
2025-02-16 01:00:00,26.75
2025-02-16 02:00:00,23.04
2025-02-16 03:00:00,19.66
2025-02-16 04:00:00,20.51
2025-02-16 05:00:00,22.59
2025-02-16 06:00:00,29.36
2025-02-16 07:00:00,35.1
2025-02-16 08:00:00,41.66
2025-02-16 09:00:00,24.35
2025-02-16 10:00:00,20.87
2025-02-16 11:00:00,18.29
2025-02-16 12:00:00,20.78
2025-02-16 13:00:00,23.1
2025-02-16 14:00:00,19.39
2025-02-16 15:00:00,15.42
2025-02-16 16:00:00,15.73
2025-02-16 17:00:00,22.41
2025-02-16 18:00:00,30.72
2025-02-16 19:00:00,45.85
2025-02-16 20:00:00,45.88
2025-02-16 21:00:00,38.63
2025-02-16 22:00:00,34.52
2025-02-16 23:00:00,31.99
2025-02-17 00:00:00,27.61
2025-02-17 01:00:00,22.56
2025-02-17 02:00:00,22.21
2025-02-17 03:00:00,22.06
2025-02-17 04:00:00,22.73
2025-02-17 05:00:00,26.35
2025-02-17 06:00:00,38.35
2025-02-17 07:00:00,38.4
2025-02-17 08:00:00,36.87
2025-02-17 09:00:00,24.64
2025-02-17 10:00:00,24.02
2025-02-17 11:00:00,17.23
2025-02-17 12:00:00,12.93
2025-02-17 13:00:00,5.18
2025-02-17 14:00:00,1.75
2025-02-17 15:00:00,0.35
2025-02-17 16:00:00,0.33
2025-02-17 17:00:00,1.79
2025-02-17 18:00:00,18.11
2025-02-17 19:00:00,26.11
2025-02-17 20:00:00,23.34
2025-02-17 21:00:00,22.55
2025-02-17 22:00:00,19.31
2025-02-17 23:00:00,18.48
2025-02-18 00:00:00,16.85
2025-02-18 01:00:00,16.9
2025-02-18 02:00:00,17.72
2025-02-18 03:00:00,18.3
2025-02-18 04:00:00,21.13
2025-02-18 05:00:00,22.68
2025-02-18 06:00:00,25.09
2025-02-18 07:00:00,32.6
2025-02-18 08:00:00,34.25
2025-02-18 09:00:00,31.69
2025-02-18 10:00:00,24.61
2025-02-18 11:00:00,22.89
2025-02-18 12:00:00,20.98
2025-02-18 13:00:00,19.65
2025-02-18 14:00:00,19.17
2025-02-18 15:00:00,20.44
2025-02-18 16:00:00,21.26
2025-02-18 17:00:00,23.27
2025-02-18 18:00:00,24.52
2025-02-18 19:00:00,32.9
2025-02-18 20:00:00,29.85
2025-02-18 21:00:00,30.57
2025-02-18 22:00:00,25.9
2025-02-18 23:00:00,28.15
2025-02-19 00:00:00,27.28
2025-02-19 01:00:00,25.65
2025-02-19 02:00:00,23.69
2025-02-19 03:00:00,23.6
2025-02-19 04:00:00,25.17
2025-02-19 05:00:00,28.53
2025-02-19 06:00:00,36.93
2025-02-19 07:00:00,45.47
2025-02-19 08:00:00,56.23
2025-02-19 09:00:00,41.18
2025-02-19 10:00:00,33.44
2025-02-19 11:00:00,28.89
2025-02-19 12:00:00,27.0
2025-02-19 13:00:00,25.56
2025-02-19 14:00:00,25.46
2025-02-19 15:00:00,24.93
2025-02-19 16:00:00,23.73
2025-02-19 17:00:00,27.6
2025-02-19 18:00:00,47.05
2025-02-19 19:00:00,104.87
2025-02-19 20:00:00,87.74
2025-02-19 21:00:00,107.48
2025-02-19 22:00:00,83.65
2025-02-19 23:00:00,107.93
2025-02-20 00:00:00,92.51
2025-02-20 01:00:00,98.43
2025-02-20 02:00:00,93.1
2025-02-20 03:00:00,98.42
2025-02-20 04:00:00,99.13
2025-02-20 05:00:00,114.54
2025-02-20 06:00:00,237.92
2025-02-20 07:00:00,826.2
2025-02-20 08:00:00,836.83
2025-02-20 09:00:00,262.71
2025-02-20 10:00:00,95.29
2025-02-20 11:00:00,57.9
2025-02-20 12:00:00,47.39
2025-02-20 13:00:00,43.88
2025-02-20 14:00:00,44.87
2025-02-20 15:00:00,42.65
2025-02-20 16:00:00,38.76
2025-02-20 17:00:00,40.09
2025-02-20 18:00:00,70.63
2025-02-20 19:00:00,121.76
2025-02-20 20:00:00,133.07
2025-02-20 21:00:00,105.62
2025-02-20 22:00:00,90.68
2025-02-20 23:00:00,62.12
2025-02-21 00:00:00,61.46
2025-02-21 01:00:00,72.56
2025-02-21 02:00:00,60.36
2025-02-21 03:00:00,59.33
2025-02-21 04:00:00,64.83
2025-02-21 05:00:00,73.71
2025-02-21 06:00:00,111.11
2025-02-21 07:00:00,200.81
2025-02-21 08:00:00,217.76
2025-02-21 09:00:00,130.27
2025-02-21 10:00:00,72.32
2025-02-21 11:00:00,56.5
2025-02-21 12:00:00,49.24
2025-02-21 13:00:00,40.02
2025-02-21 14:00:00,38.74
2025-02-21 15:00:00,37.86
2025-02-21 16:00:00,38.68
2025-02-21 17:00:00,49.55
2025-02-21 18:00:00,58.53
2025-02-21 19:00:00,111.24
2025-02-21 20:00:00,106.7
2025-02-21 21:00:00,92.83
2025-02-21 22:00:00,57.49
2025-02-21 23:00:00,56.6
2025-02-22 00:00:00,52.46
2025-02-22 01:00:00,57.77
2025-02-22 02:00:00,50.33
2025-02-22 03:00:00,47.05
2025-02-22 04:00:00,48.0
2025-02-22 05:00:00,49.62
2025-02-22 06:00:00,53.41
2025-02-22 07:00:00,99.08
2025-02-22 08:00:00,97.42
2025-02-22 09:00:00,67.42
2025-02-22 10:00:00,55.8
2025-02-22 11:00:00,50.85
2025-02-22 12:00:00,34.66
2025-02-22 13:00:00,30.18
2025-02-22 14:00:00,26.28
2025-02-22 15:00:00,25.04
2025-02-22 16:00:00,25.53
2025-02-22 17:00:00,28.35
2025-02-22 18:00:00,44.23
2025-02-22 19:00:00,57.21
2025-02-22 20:00:00,54.11
2025-02-22 21:00:00,44.42
2025-02-22 22:00:00,42.37
2025-02-22 23:00:00,33.25
2025-02-23 00:00:00,30.71
2025-02-23 01:00:00,30.29
2025-02-23 02:00:00,27.89
2025-02-23 03:00:00,26.2
2025-02-23 04:00:00,26.63
2025-02-23 05:00:00,29.0
2025-02-23 06:00:00,36.09
2025-02-23 07:00:00,44.88
2025-02-23 08:00:00,44.78
2025-02-23 09:00:00,32.91
2025-02-23 10:00:00,29.0
2025-02-23 11:00:00,28.06
2025-02-23 12:00:00,26.19
2025-02-23 13:00:00,22.45
2025-02-23 14:00:00,19.82
2025-02-23 15:00:00,18.81
2025-02-23 16:00:00,19.91
2025-02-23 17:00:00,22.53
2025-02-23 18:00:00,33.3
2025-02-23 19:00:00,50.62
2025-02-23 20:00:00,51.77
2025-02-23 21:00:00,58.72
2025-02-23 22:00:00,47.67
2025-02-23 23:00:00,34.67
2025-02-24 00:00:00,33.42
2025-02-24 01:00:00,36.65
2025-02-24 02:00:00,35.15
2025-02-24 03:00:00,35.08
2025-02-24 04:00:00,33.62
2025-02-24 05:00:00,34.48
2025-02-24 06:00:00,43.65
2025-02-24 07:00:00,51.87
2025-02-24 08:00:00,47.3
2025-02-24 09:00:00,30.52
2025-02-24 10:00:00,28.59
2025-02-24 11:00:00,26.21
2025-02-24 12:00:00,20.72
2025-02-24 13:00:00,17.46
2025-02-24 14:00:00,16.31
2025-02-24 15:00:00,14.78
2025-02-24 16:00:00,14.3
2025-02-24 17:00:00,17.88
2025-02-24 18:00:00,30.54
2025-02-24 19:00:00,54.62
2025-02-24 20:00:00,38.71
2025-02-24 21:00:00,34.2
2025-02-24 22:00:00,27.15
2025-02-24 23:00:00,25.48
2025-02-25 00:00:00,26.98
2025-02-25 01:00:00,24.4
2025-02-25 02:00:00,24.74
2025-02-25 03:00:00,26.19
2025-02-25 04:00:00,28.35
2025-02-25 05:00:00,33.96
2025-02-25 06:00:00,45.5
2025-02-25 07:00:00,53.79
2025-02-25 08:00:00,49.39
2025-02-25 09:00:00,28.24
2025-02-25 10:00:00,21.83
2025-02-25 11:00:00,18.96
2025-02-25 12:00:00,17.91
2025-02-25 13:00:00,15.5
2025-02-25 14:00:00,15.29
2025-02-25 15:00:00,13.45
2025-02-25 16:00:00,11.64
2025-02-25 17:00:00,17.21
2025-02-25 18:00:00,30.63
2025-02-25 19:00:00,50.06
2025-02-25 20:00:00,35.0
2025-02-25 21:00:00,27.98
2025-02-25 22:00:00,22.66
2025-02-25 23:00:00,20.17
2025-02-26 00:00:00,19.26
2025-02-26 01:00:00,15.65
2025-02-26 02:00:00,14.53
2025-02-26 03:00:00,14.73
2025-02-26 04:00:00,15.11
2025-02-26 05:00:00,17.85
2025-02-26 06:00:00,23.42
2025-02-26 07:00:00,35.01
2025-02-26 08:00:00,34.12
2025-02-26 09:00:00,19.19
2025-02-26 10:00:00,10.91
2025-02-26 11:00:00,8.34
2025-02-26 12:00:00,4.76
2025-02-26 13:00:00,4.77
2025-02-26 14:00:00,4.01
2025-02-26 15:00:00,3.97
2025-02-26 16:00:00,4.5
2025-02-26 17:00:00,12.24
2025-02-26 18:00:00,23.03
2025-02-26 19:00:00,32.0
2025-02-26 20:00:00,31.02
2025-02-26 21:00:00,29.89
2025-02-26 22:00:00,23.19
2025-02-26 23:00:00,23.75
2025-02-27 00:00:00,25.68
2025-02-27 01:00:00,16.84
2025-02-27 02:00:00,18.15
2025-02-27 03:00:00,19.57
2025-02-27 04:00:00,20.97
2025-02-27 05:00:00,21.62
2025-02-27 06:00:00,24.99
2025-02-27 07:00:00,33.94
2025-02-27 08:00:00,38.62
2025-02-27 09:00:00,28.98
2025-02-27 10:00:00,21.1
2025-02-27 11:00:00,16.64
2025-02-27 12:00:00,12.16
2025-02-27 13:00:00,13.04
2025-02-27 14:00:00,15.41
2025-02-27 15:00:00,20.07
2025-02-27 16:00:00,20.2
2025-02-27 17:00:00,22.39
2025-02-27 18:00:00,31.5
2025-02-27 19:00:00,56.64
2025-02-27 20:00:00,55.2
2025-02-27 21:00:00,53.01
2025-02-27 22:00:00,47.16
2025-02-27 23:00:00,41.58
2025-02-28 00:00:00,36.64
2025-02-28 01:00:00,29.31
2025-02-28 02:00:00,26.68
2025-02-28 03:00:00,24.5
2025-02-28 04:00:00,24.03
2025-02-28 05:00:00,24.92
2025-02-28 06:00:00,28.27
2025-02-28 07:00:00,33.81
2025-02-28 08:00:00,31.0
2025-02-28 09:00:00,23.8
2025-02-28 10:00:00,16.57
2025-02-28 11:00:00,10.95
2025-02-28 12:00:00,10.6
2025-02-28 13:00:00,10.53
2025-02-28 14:00:00,11.42
2025-02-28 15:00:00,12.39
2025-02-28 16:00:00,16.38
2025-02-28 17:00:00,20.47
2025-02-28 18:00:00,37.03
2025-02-28 19:00:00,63.89
2025-02-28 20:00:00,50.95
2025-02-28 21:00:00,41.4
2025-02-28 22:00:00,34.51
2025-02-28 23:00:00,29.64
2025-03-01 00:00:00,25.58
2025-03-01 01:00:00,31.14
2025-03-01 02:00:00,33.16
2025-03-01 03:00:00,34.11
2025-03-01 04:00:00,32.82
2025-03-01 05:00:00,35.7
2025-03-01 06:00:00,49.51
2025-03-01 07:00:00,46.89
2025-03-01 08:00:00,43.52
2025-03-01 09:00:00,22.25
2025-03-01 10:00:00,20.81
2025-03-01 11:00:00,20.35
2025-03-01 12:00:00,20.23
2025-03-01 13:00:00,21.01
2025-03-01 14:00:00,21.69
2025-03-01 15:00:00,21.59
2025-03-01 16:00:00,21.39
2025-03-01 17:00:00,24.4
2025-03-01 18:00:00,50.58
2025-03-01 19:00:00,70.83
2025-03-01 20:00:00,40.91
2025-03-01 21:00:00,26.68
2025-03-01 22:00:00,23.14
2025-03-01 23:00:00,21.02
2025-03-02 00:00:00,18.33
2025-03-02 01:00:00,22.04
2025-03-02 02:00:00,17.74
2025-03-02 03:00:00,16.28
2025-03-02 04:00:00,16.45
2025-03-02 05:00:00,15.8
2025-03-02 06:00:00,19.02
2025-03-02 07:00:00,21.28
2025-03-02 08:00:00,20.07
2025-03-02 09:00:00,10.33
2025-03-02 10:00:00,2.96
2025-03-02 11:00:00,0.85
2025-03-02 12:00:00,0.63
2025-03-02 13:00:00,0.65
2025-03-02 14:00:00,0.38
2025-03-02 15:00:00,0.47
2025-03-02 16:00:00,0.89
2025-03-02 17:00:00,11.13
2025-03-02 18:00:00,24.74
2025-03-02 19:00:00,41.23
2025-03-02 20:00:00,49.17
2025-03-02 21:00:00,39.46
2025-03-02 22:00:00,34.59
2025-03-02 23:00:00,33.18
2025-03-03 00:00:00,27.73
2025-03-03 01:00:00,32.14
2025-03-03 02:00:00,29.99
2025-03-03 03:00:00,27.81
2025-03-03 04:00:00,32.14
2025-03-03 05:00:00,36.02
2025-03-03 06:00:00,45.43
2025-03-03 07:00:00,37.87
2025-03-03 08:00:00,41.27
2025-03-03 09:00:00,25.42
2025-03-03 10:00:00,21.45
2025-03-03 11:00:00,21.99
2025-03-03 12:00:00,18.58
2025-03-03 13:00:00,17.41
2025-03-03 14:00:00,18.21
2025-03-03 15:00:00,17.99
2025-03-03 16:00:00,18.66
2025-03-03 17:00:00,20.63
2025-03-03 18:00:00,30.99
2025-03-03 19:00:00,38.09
2025-03-03 20:00:00,33.48
2025-03-03 21:00:00,29.28
2025-03-03 22:00:00,23.24
2025-03-03 23:00:00,23.25
2025-03-04 00:00:00,25.75
2025-03-04 01:00:00,31.12
2025-03-04 02:00:00,21.85
2025-03-04 03:00:00,17.53
2025-03-04 04:00:00,15.81
2025-03-04 05:00:00,16.01
2025-03-04 06:00:00,21.31
2025-03-04 07:00:00,28.84
2025-03-04 08:00:00,26.43
2025-03-04 09:00:00,22.03
2025-03-04 10:00:00,17.78
2025-03-04 11:00:00,14.59
2025-03-04 12:00:00,10.68
2025-03-04 13:00:00,6.29
2025-03-04 14:00:00,6.48
2025-03-04 15:00:00,7.39
2025-03-04 16:00:00,8.05
2025-03-04 17:00:00,14.03
2025-03-04 18:00:00,21.94
2025-03-04 19:00:00,47.01
2025-03-04 20:00:00,37.43
2025-03-04 21:00:00,34.82
2025-03-04 22:00:00,32.22
2025-03-04 23:00:00,28.66
2025-03-05 00:00:00,25.37
2025-03-05 01:00:00,29.93
2025-03-05 02:00:00,29.49
2025-03-05 03:00:00,29.26
2025-03-05 04:00:00,28.69
2025-03-05 05:00:00,30.39
2025-03-05 06:00:00,33.63
2025-03-05 07:00:00,56.85
2025-03-05 08:00:00,44.37
2025-03-05 09:00:00,22.27
2025-03-05 10:00:00,17.87
2025-03-05 11:00:00,16.14
2025-03-05 12:00:00,18.0
2025-03-05 13:00:00,21.36
2025-03-05 14:00:00,23.23
2025-03-05 15:00:00,24.51
2025-03-05 16:00:00,24.46
2025-03-05 17:00:00,28.08
2025-03-05 18:00:00,50.25
2025-03-05 19:00:00,83.39
2025-03-05 20:00:00,61.75
2025-03-05 21:00:00,51.84
2025-03-05 22:00:00,31.7
2025-03-05 23:00:00,29.62
2025-03-06 00:00:00,27.88
2025-03-06 01:00:00,23.56
2025-03-06 02:00:00,20.32
2025-03-06 03:00:00,18.82
2025-03-06 04:00:00,20.31
2025-03-06 05:00:00,24.31
2025-03-06 06:00:00,36.09
2025-03-06 07:00:00,46.31
2025-03-06 08:00:00,34.85
2025-03-06 09:00:00,22.97
2025-03-06 10:00:00,15.14
2025-03-06 11:00:00,6.56
2025-03-06 12:00:00,4.13
2025-03-06 13:00:00,2.2
2025-03-06 14:00:00,2.56
2025-03-06 15:00:00,3.61
2025-03-06 16:00:00,9.42
2025-03-06 17:00:00,11.79
2025-03-06 18:00:00,21.31
2025-03-06 19:00:00,42.01
2025-03-06 20:00:00,39.45
2025-03-06 21:00:00,37.25
2025-03-06 22:00:00,28.05
2025-03-06 23:00:00,27.84
2025-03-07 00:00:00,26.22
2025-03-07 01:00:00,21.94
2025-03-07 02:00:00,20.85
2025-03-07 03:00:00,25.48
2025-03-07 04:00:00,25.39
2025-03-07 05:00:00,28.86
2025-03-07 06:00:00,40.17
2025-03-07 07:00:00,45.34
2025-03-07 08:00:00,48.83
2025-03-07 09:00:00,26.82
2025-03-07 10:00:00,22.62
2025-03-07 11:00:00,22.64
2025-03-07 12:00:00,22.16
2025-03-07 13:00:00,23.84
2025-03-07 14:00:00,28.97
2025-03-07 15:00:00,35.37
2025-03-07 16:00:00,35.46
2025-03-07 17:00:00,38.99
2025-03-07 18:00:00,65.12
2025-03-07 19:00:00,131.13
2025-03-07 20:00:00,101.18
2025-03-07 21:00:00,58.96
2025-03-07 22:00:00,47.54
2025-03-07 23:00:00,44.2
2025-03-08 00:00:00,39.03
2025-03-08 01:00:00,31.3
2025-03-08 02:00:00,26.83
2025-03-08 03:00:00,26.23
2025-03-08 04:00:00,27.21
2025-03-08 05:00:00,29.64
2025-03-08 06:00:00,32.01
2025-03-08 07:00:00,34.37
2025-03-08 08:00:00,36.5
2025-03-08 09:00:00,31.69
2025-03-08 10:00:00,29.22
2025-03-08 11:00:00,28.79
2025-03-08 12:00:00,30.76
2025-03-08 13:00:00,30.36
2025-03-08 14:00:00,30.59
2025-03-08 15:00:00,30.36
2025-03-08 16:00:00,28.6
2025-03-08 17:00:00,28.73
2025-03-08 18:00:00,33.58
2025-03-08 19:00:00,39.08
2025-03-08 20:00:00,44.58
2025-03-08 21:00:00,40.14
2025-03-08 22:00:00,36.08
2025-03-08 23:00:00,36.66
2025-03-09 00:00:00,34.31
2025-03-09 01:00:00,28.67
2025-03-09 02:00:00,27.3
2025-03-09 04:00:00,26.35
2025-03-09 05:00:00,26.38
2025-03-09 06:00:00,27.42
2025-03-09 07:00:00,30.05
2025-03-09 08:00:00,35.96
2025-03-09 09:00:00,38.15
2025-03-09 10:00:00,26.12
2025-03-09 11:00:00,22.93
2025-03-09 12:00:00,20.88
2025-03-09 13:00:00,18.31
2025-03-09 14:00:00,16.13
2025-03-09 15:00:00,15.05
2025-03-09 16:00:00,17.34
2025-03-09 17:00:00,20.56
2025-03-09 18:00:00,24.65
2025-03-09 19:00:00,33.97
2025-03-09 20:00:00,74.68
2025-03-09 21:00:00,102.83
2025-03-09 22:00:00,105.13
2025-03-09 23:00:00,78.32
2025-03-10 00:00:00,57.84
2025-03-10 01:00:00,55.49
2025-03-10 02:00:00,45.13
2025-03-10 03:00:00,45.99
2025-03-10 04:00:00,41.61
2025-03-10 05:00:00,45.46
2025-03-10 06:00:00,63.23
2025-03-10 07:00:00,77.0
2025-03-10 08:00:00,85.0
2025-03-10 09:00:00,53.39
2025-03-10 10:00:00,27.06
2025-03-10 11:00:00,25.38
2025-03-10 12:00:00,23.21
2025-03-10 13:00:00,16.08
2025-03-10 14:00:00,13.25
2025-03-10 15:00:00,10.17
2025-03-10 16:00:00,10.43
2025-03-10 17:00:00,10.82
2025-03-10 18:00:00,22.07
2025-03-10 19:00:00,31.59
2025-03-10 20:00:00,57.49
2025-03-10 21:00:00,34.62
2025-03-10 22:00:00,24.15
2025-03-10 23:00:00,22.68
2025-03-11 00:00:00,18.55
2025-03-11 01:00:00,16.47
2025-03-11 02:00:00,14.63
2025-03-11 03:00:00,14.16
2025-03-11 04:00:00,15.2
2025-03-11 05:00:00,16.57
2025-03-11 06:00:00,23.74
2025-03-11 07:00:00,30.35
2025-03-11 08:00:00,38.68
2025-03-11 09:00:00,29.13
2025-03-11 10:00:00,13.42
2025-03-11 11:00:00,4.84
2025-03-11 12:00:00,2.79
2025-03-11 13:00:00,2.68
2025-03-11 14:00:00,3.63
2025-03-11 15:00:00,4.61
2025-03-11 16:00:00,7.39
2025-03-11 17:00:00,11.17
2025-03-11 18:00:00,17.0
2025-03-11 19:00:00,43.9
2025-03-11 20:00:00,73.77
2025-03-11 21:00:00,48.57
2025-03-11 22:00:00,37.1
2025-03-11 23:00:00,27.28
2025-03-12 00:00:00,24.27
2025-03-12 01:00:00,16.91
2025-03-12 02:00:00,14.69
2025-03-12 03:00:00,13.35
2025-03-12 04:00:00,12.99
2025-03-12 05:00:00,15.52
2025-03-12 06:00:00,26.44
2025-03-12 07:00:00,37.27
2025-03-12 08:00:00,47.93
2025-03-12 09:00:00,46.96
2025-03-12 10:00:00,18.16
2025-03-12 11:00:00,8.48
2025-03-12 12:00:00,9.21
2025-03-12 13:00:00,9.98
2025-03-12 14:00:00,11.33
2025-03-12 15:00:00,15.12
2025-03-12 16:00:00,19.17
2025-03-12 17:00:00,23.73
2025-03-12 18:00:00,27.43
2025-03-12 19:00:00,38.81
2025-03-12 20:00:00,65.93
2025-03-12 21:00:00,58.77
2025-03-12 22:00:00,41.12
2025-03-12 23:00:00,33.46
2025-03-13 00:00:00,28.11
2025-03-13 01:00:00,24.53
2025-03-13 02:00:00,24.2
2025-03-13 03:00:00,23.6
2025-03-13 04:00:00,23.43
2025-03-13 05:00:00,27.14
2025-03-13 06:00:00,30.5
2025-03-13 07:00:00,48.26
2025-03-13 08:00:00,52.07
2025-03-13 09:00:00,34.66
2025-03-13 10:00:00,23.03
2025-03-13 11:00:00,23.72
2025-03-13 12:00:00,27.28
2025-03-13 13:00:00,29.54
2025-03-13 14:00:00,29.14
2025-03-13 15:00:00,29.52
2025-03-13 16:00:00,33.46
2025-03-13 17:00:00,36.52
2025-03-13 18:00:00,35.0
2025-03-13 19:00:00,49.58
2025-03-13 20:00:00,80.76
2025-03-13 21:00:00,55.85
2025-03-13 22:00:00,33.54
2025-03-13 23:00:00,33.04
2025-03-14 00:00:00,23.84
2025-03-14 01:00:00,22.28
2025-03-14 02:00:00,18.67
2025-03-14 03:00:00,14.86
2025-03-14 04:00:00,13.69
2025-03-14 05:00:00,15.74
2025-03-14 06:00:00,21.64
2025-03-14 07:00:00,29.82
2025-03-14 08:00:00,27.07
2025-03-14 09:00:00,23.88
2025-03-14 10:00:00,16.78
2025-03-14 11:00:00,14.52
2025-03-14 12:00:00,14.99
2025-03-14 13:00:00,16.39
2025-03-14 14:00:00,18.07
2025-03-14 15:00:00,22.71
2025-03-14 16:00:00,28.73
2025-03-14 17:00:00,34.38
2025-03-14 18:00:00,41.6
2025-03-14 19:00:00,44.7
2025-03-14 20:00:00,58.18
2025-03-14 21:00:00,45.14
2025-03-14 22:00:00,33.15
2025-03-14 23:00:00,30.12
2025-03-15 00:00:00,25.48
2025-03-15 01:00:00,22.42
2025-03-15 02:00:00,23.16
2025-03-15 03:00:00,22.54
2025-03-15 04:00:00,23.37
2025-03-15 05:00:00,23.0
2025-03-15 06:00:00,22.8
2025-03-15 07:00:00,24.39
2025-03-15 08:00:00,25.06
2025-03-15 09:00:00,20.23
2025-03-15 10:00:00,6.76
2025-03-15 11:00:00,3.97
2025-03-15 12:00:00,3.17
2025-03-15 13:00:00,3.72
2025-03-15 14:00:00,4.65
2025-03-15 15:00:00,5.73
2025-03-15 16:00:00,7.67
2025-03-15 17:00:00,10.23
2025-03-15 18:00:00,15.74
2025-03-15 19:00:00,23.97
2025-03-15 20:00:00,84.64
2025-03-15 21:00:00,101.44
2025-03-15 22:00:00,84.83
2025-03-15 23:00:00,62.03
2025-03-16 00:00:00,67.18
2025-03-16 01:00:00,56.57
2025-03-16 02:00:00,47.85
2025-03-16 03:00:00,43.02
2025-03-16 04:00:00,41.65
2025-03-16 05:00:00,41.85
2025-03-16 06:00:00,40.22
2025-03-16 07:00:00,41.44
2025-03-16 08:00:00,41.77
2025-03-16 09:00:00,27.51
2025-03-16 10:00:00,17.92
2025-03-16 11:00:00,18.2
2025-03-16 12:00:00,16.09
2025-03-16 13:00:00,14.65
2025-03-16 14:00:00,13.26
2025-03-16 15:00:00,8.65
2025-03-16 16:00:00,12.24
2025-03-16 17:00:00,18.02
2025-03-16 18:00:00,26.57
2025-03-16 19:00:00,58.46
2025-03-16 20:00:00,168.07
2025-03-16 21:00:00,131.43
2025-03-16 22:00:00,102.38
2025-03-16 23:00:00,43.37
2025-03-17 00:00:00,35.48
2025-03-17 01:00:00,25.71
2025-03-17 02:00:00,21.79
2025-03-17 03:00:00,20.31
2025-03-17 04:00:00,17.19
2025-03-17 05:00:00,17.69
2025-03-17 06:00:00,21.97
2025-03-17 07:00:00,30.02
2025-03-17 08:00:00,33.92
2025-03-17 09:00:00,20.13
2025-03-17 10:00:00,10.88
2025-03-17 11:00:00,4.75
2025-03-17 12:00:00,2.48
2025-03-17 13:00:00,2.28
2025-03-17 14:00:00,4.06
2025-03-17 15:00:00,6.25
2025-03-17 16:00:00,11.59
2025-03-17 17:00:00,16.44
2025-03-17 18:00:00,19.36
2025-03-17 19:00:00,28.51
2025-03-17 20:00:00,40.58
2025-03-17 21:00:00,40.01
2025-03-17 22:00:00,29.15
2025-03-17 23:00:00,25.52
2025-03-18 00:00:00,18.55
2025-03-18 01:00:00,16.78
2025-03-18 02:00:00,15.85
2025-03-18 03:00:00,13.11
2025-03-18 04:00:00,10.29
2025-03-18 05:00:00,12.25
2025-03-18 06:00:00,18.72
2025-03-18 07:00:00,22.6
2025-03-18 08:00:00,21.93
2025-03-18 09:00:00,15.45
2025-03-18 10:00:00,7.46
2025-03-18 11:00:00,4.32
2025-03-18 12:00:00,6.26
2025-03-18 13:00:00,6.69
2025-03-18 14:00:00,8.37
2025-03-18 15:00:00,11.24
2025-03-18 16:00:00,15.89
2025-03-18 17:00:00,21.08
2025-03-18 18:00:00,22.62
2025-03-18 19:00:00,31.52
2025-03-18 20:00:00,48.56
2025-03-18 21:00:00,46.21
2025-03-18 22:00:00,34.86
2025-03-18 23:00:00,30.02
2025-03-19 00:00:00,27.1
2025-03-19 01:00:00,22.5
2025-03-19 02:00:00,19.35
2025-03-19 03:00:00,15.68
2025-03-19 04:00:00,14.38
2025-03-19 05:00:00,17.36
2025-03-19 06:00:00,21.46
2025-03-19 07:00:00,31.06
2025-03-19 08:00:00,36.29
2025-03-19 09:00:00,21.2
2025-03-19 10:00:00,12.14
2025-03-19 11:00:00,6.11
2025-03-19 12:00:00,3.34
2025-03-19 13:00:00,2.37
2025-03-19 14:00:00,3.52
2025-03-19 15:00:00,4.87
2025-03-19 16:00:00,5.52
2025-03-19 17:00:00,9.33
2025-03-19 18:00:00,13.37
2025-03-19 19:00:00,18.18
2025-03-19 20:00:00,34.21
2025-03-19 21:00:00,50.15
2025-03-19 22:00:00,45.49
2025-03-19 23:00:00,40.08
2025-03-20 00:00:00,37.27
2025-03-20 01:00:00,34.69
2025-03-20 02:00:00,35.55
2025-03-20 03:00:00,38.67
2025-03-20 04:00:00,42.42
2025-03-20 05:00:00,47.79
2025-03-20 06:00:00,62.79
2025-03-20 07:00:00,97.3
2025-03-20 08:00:00,110.62
2025-03-20 09:00:00,51.83
2025-03-20 10:00:00,22.45
2025-03-20 11:00:00,23.11
2025-03-20 12:00:00,21.55
2025-03-20 13:00:00,20.21
2025-03-20 14:00:00,20.36
2025-03-20 15:00:00,16.58
2025-03-20 16:00:00,18.15
2025-03-20 17:00:00,14.48
2025-03-20 18:00:00,19.58
2025-03-20 19:00:00,33.83
2025-03-20 20:00:00,72.68
2025-03-20 21:00:00,46.26
2025-03-20 22:00:00,29.71
2025-03-20 23:00:00,23.32
2025-03-21 00:00:00,19.59
2025-03-21 01:00:00,14.31
2025-03-21 02:00:00,12.79
2025-03-21 03:00:00,13.37
2025-03-21 04:00:00,13.5
2025-03-21 05:00:00,15.85
2025-03-21 06:00:00,23.95
2025-03-21 07:00:00,34.4
2025-03-21 08:00:00,34.93
2025-03-21 09:00:00,19.91
2025-03-21 10:00:00,7.83
2025-03-21 11:00:00,0.99
2025-03-21 12:00:00,0.32
2025-03-21 13:00:00,0.92
2025-03-21 14:00:00,1.73
2025-03-21 15:00:00,6.21
2025-03-21 16:00:00,11.36
2025-03-21 17:00:00,13.64
2025-03-21 18:00:00,19.38
2025-03-21 19:00:00,38.25
2025-03-21 20:00:00,84.84
2025-03-21 21:00:00,65.94
2025-03-21 22:00:00,38.15
2025-03-21 23:00:00,33.54
2025-03-22 00:00:00,26.26
2025-03-22 01:00:00,24.18
2025-03-22 02:00:00,24.09
2025-03-22 03:00:00,25.47
2025-03-22 04:00:00,26.83
2025-03-22 05:00:00,27.92
2025-03-22 06:00:00,28.54
2025-03-22 07:00:00,28.38
2025-03-22 08:00:00,27.45
2025-03-22 09:00:00,26.41
2025-03-22 10:00:00,16.72
2025-03-22 11:00:00,8.85
2025-03-22 12:00:00,7.54
2025-03-22 13:00:00,6.4
2025-03-22 14:00:00,5.26
2025-03-22 15:00:00,7.31
2025-03-22 16:00:00,8.73
2025-03-22 17:00:00,12.4
2025-03-22 18:00:00,16.51
2025-03-22 19:00:00,27.09
2025-03-22 20:00:00,37.46
2025-03-22 21:00:00,33.72
2025-03-22 22:00:00,25.12
2025-03-22 23:00:00,22.52
2025-03-23 00:00:00,19.49
2025-03-23 01:00:00,18.55
2025-03-23 02:00:00,15.37
2025-03-23 03:00:00,13.48
2025-03-23 04:00:00,14.9
2025-03-23 05:00:00,15.78
2025-03-23 06:00:00,18.08
2025-03-23 07:00:00,21.01
2025-03-23 08:00:00,23.91
2025-03-23 09:00:00,21.78
2025-03-23 10:00:00,13.29
2025-03-23 11:00:00,11.5
2025-03-23 12:00:00,11.07
2025-03-23 13:00:00,11.42
2025-03-23 14:00:00,12.73
2025-03-23 15:00:00,17.95
2025-03-23 16:00:00,22.08
2025-03-23 17:00:00,24.4
2025-03-23 18:00:00,25.76
2025-03-23 19:00:00,40.1
2025-03-23 20:00:00,49.57
2025-03-23 21:00:00,49.09
2025-03-23 22:00:00,43.28
2025-03-23 23:00:00,39.65
2025-03-24 00:00:00,34.24
2025-03-24 01:00:00,30.68
2025-03-24 02:00:00,28.54
2025-03-24 03:00:00,28.44
2025-03-24 04:00:00,29.36
2025-03-24 05:00:00,32.85
2025-03-24 06:00:00,41.32
2025-03-24 07:00:00,47.63
2025-03-24 08:00:00,54.61
2025-03-24 09:00:00,38.15
2025-03-24 10:00:00,25.19
2025-03-24 11:00:00,21.39
2025-03-24 12:00:00,20.23
2025-03-24 13:00:00,23.56
2025-03-24 14:00:00,25.2
2025-03-24 15:00:00,27.71
2025-03-24 16:00:00,28.08
2025-03-24 17:00:00,31.09
2025-03-24 18:00:00,38.89
2025-03-24 19:00:00,71.6
2025-03-24 20:00:00,222.85
2025-03-24 21:00:00,201.99
2025-03-24 22:00:00,99.92
2025-03-24 23:00:00,48.92
2025-03-25 00:00:00,37.6
2025-03-25 01:00:00,30.19
2025-03-25 02:00:00,26.96
2025-03-25 03:00:00,24.49
2025-03-25 04:00:00,23.16
2025-03-25 05:00:00,23.96
2025-03-25 06:00:00,26.67
2025-03-25 07:00:00,29.53
2025-03-25 08:00:00,28.37
2025-03-25 09:00:00,24.34
2025-03-25 10:00:00,12.32
2025-03-25 11:00:00,11.55
2025-03-25 12:00:00,14.85
2025-03-25 13:00:00,21.33
2025-03-25 14:00:00,28.0
2025-03-25 15:00:00,31.88
2025-03-25 16:00:00,38.22
2025-03-25 17:00:00,36.1
2025-03-25 18:00:00,51.57
2025-03-25 19:00:00,84.36
2025-03-25 20:00:00,154.4
2025-03-25 21:00:00,90.38
2025-03-25 22:00:00,39.0
2025-03-25 23:00:00,30.35
2025-03-26 00:00:00,27.8
2025-03-26 01:00:00,20.58
2025-03-26 02:00:00,21.5
2025-03-26 03:00:00,20.37
2025-03-26 04:00:00,19.8
2025-03-26 05:00:00,19.12
2025-03-26 06:00:00,23.52
2025-03-26 07:00:00,31.87
2025-03-26 08:00:00,41.21
2025-03-26 09:00:00,35.02
2025-03-26 10:00:00,27.3
2025-03-26 11:00:00,24.14
2025-03-26 12:00:00,23.27
2025-03-26 13:00:00,23.89
2025-03-26 14:00:00,25.73
2025-03-26 15:00:00,27.21
2025-03-26 16:00:00,25.46
2025-03-26 17:00:00,26.07
2025-03-26 18:00:00,31.03
2025-03-26 19:00:00,42.14
2025-03-26 20:00:00,48.56
2025-03-26 21:00:00,39.75
2025-03-26 22:00:00,32.1
2025-03-26 23:00:00,23.14
2025-03-27 00:00:00,22.25
2025-03-27 01:00:00,21.51
2025-03-27 02:00:00,19.24
2025-03-27 03:00:00,20.42
2025-03-27 04:00:00,21.7
2025-03-27 05:00:00,24.39
2025-03-27 06:00:00,27.45
2025-03-27 07:00:00,38.15
2025-03-27 08:00:00,42.22
2025-03-27 09:00:00,42.81
2025-03-27 10:00:00,35.31
2025-03-27 11:00:00,28.85
2025-03-27 12:00:00,28.93
2025-03-27 13:00:00,24.48
2025-03-27 14:00:00,23.15
2025-03-27 15:00:00,22.58
2025-03-27 16:00:00,22.94
2025-03-27 17:00:00,24.23
2025-03-27 18:00:00,26.2
2025-03-27 19:00:00,34.31
2025-03-27 20:00:00,45.31
2025-03-27 21:00:00,48.64
2025-03-27 22:00:00,44.58
2025-03-27 23:00:00,35.37
2025-03-28 00:00:00,32.23
2025-03-28 01:00:00,26.67
2025-03-28 02:00:00,26.08
2025-03-28 03:00:00,25.26
2025-03-28 04:00:00,30.2
2025-03-28 05:00:00,33.43
2025-03-28 06:00:00,36.47
2025-03-28 07:00:00,49.42
2025-03-28 08:00:00,53.58
2025-03-28 09:00:00,51.97
2025-03-28 10:00:00,39.82
2025-03-28 11:00:00,35.18
2025-03-28 12:00:00,33.45
2025-03-28 13:00:00,29.74
2025-03-28 14:00:00,26.25
2025-03-28 15:00:00,25.3
2025-03-28 16:00:00,26.15
2025-03-28 17:00:00,26.17
2025-03-28 18:00:00,30.58
2025-03-28 19:00:00,40.13
2025-03-28 20:00:00,47.6
2025-03-28 21:00:00,33.17
2025-03-28 22:00:00,24.43
2025-03-28 23:00:00,22.31
2025-03-29 00:00:00,21.31
2025-03-29 01:00:00,19.77
2025-03-29 02:00:00,20.88
2025-03-29 03:00:00,18.47
2025-03-29 04:00:00,17.75
2025-03-29 05:00:00,17.35
2025-03-29 06:00:00,20.68
2025-03-29 07:00:00,21.84
2025-03-29 08:00:00,24.86
2025-03-29 09:00:00,21.91
2025-03-29 10:00:00,17.9
2025-03-29 11:00:00,15.77
2025-03-29 12:00:00,16.47
2025-03-29 13:00:00,16.04
2025-03-29 14:00:00,16.03
2025-03-29 15:00:00,16.38
2025-03-29 16:00:00,19.17
2025-03-29 17:00:00,20.5
2025-03-29 18:00:00,24.25
2025-03-29 19:00:00,27.47
2025-03-29 20:00:00,41.59
2025-03-29 21:00:00,39.97
2025-03-29 22:00:00,40.48
2025-03-29 23:00:00,37.92
2025-03-30 00:00:00,33.36
2025-03-30 01:00:00,33.88
2025-03-30 02:00:00,31.03
2025-03-30 03:00:00,27.82
2025-03-30 04:00:00,23.98
2025-03-30 05:00:00,21.85
2025-03-30 06:00:00,23.0
2025-03-30 07:00:00,23.49
2025-03-30 08:00:00,23.56
2025-03-30 09:00:00,22.17
2025-03-30 10:00:00,20.87
2025-03-30 11:00:00,20.44
2025-03-30 12:00:00,21.11
2025-03-30 13:00:00,23.83
2025-03-30 14:00:00,29.87
2025-03-30 15:00:00,33.84
2025-03-30 16:00:00,29.53
2025-03-30 17:00:00,30.86
2025-03-30 18:00:00,32.76
2025-03-30 19:00:00,57.35
2025-03-30 20:00:00,118.91
2025-03-30 21:00:00,87.46
2025-03-30 22:00:00,54.21
2025-03-30 23:00:00,37.54
2025-03-31 00:00:00,30.37
2025-03-31 01:00:00,32.53
2025-03-31 02:00:00,32.89
2025-03-31 03:00:00,33.59
2025-03-31 04:00:00,34.62
2025-03-31 05:00:00,38.26
2025-03-31 06:00:00,39.51
2025-03-31 07:00:00,42.45
2025-03-31 08:00:00,44.59
2025-03-31 09:00:00,28.78
2025-03-31 10:00:00,21.78
2025-03-31 11:00:00,21.81
2025-03-31 12:00:00,21.81
2025-03-31 13:00:00,24.58
2025-03-31 14:00:00,28.8
2025-03-31 15:00:00,28.18
2025-03-31 16:00:00,30.41
2025-03-31 17:00:00,27.86
2025-03-31 18:00:00,25.73
2025-03-31 19:00:00,55.6
2025-03-31 20:00:00,113.09
2025-03-31 21:00:00,71.56
2025-03-31 22:00:00,39.21
2025-03-31 23:00:00,32.26
2025-04-01 00:00:00,24.57
2025-04-01 01:00:00,25.51
2025-04-01 02:00:00,21.27
2025-04-01 03:00:00,19.93
2025-04-01 04:00:00,20.07
2025-04-01 05:00:00,20.36
2025-04-01 06:00:00,25.08
2025-04-01 07:00:00,26.65
2025-04-01 08:00:00,28.02
2025-04-01 09:00:00,20.63
2025-04-01 10:00:00,15.25
2025-04-01 11:00:00,10.26
2025-04-01 12:00:00,9.53
2025-04-01 13:00:00,9.45
2025-04-01 14:00:00,13.83
2025-04-01 15:00:00,16.77
2025-04-01 16:00:00,22.43
2025-04-01 17:00:00,29.05
2025-04-01 18:00:00,28.77
2025-04-01 19:00:00,32.48
2025-04-01 20:00:00,44.92
2025-04-01 21:00:00,49.4
2025-04-01 22:00:00,36.46
2025-04-01 23:00:00,33.93
2025-04-02 00:00:00,29.14
2025-04-02 01:00:00,26.83
2025-04-02 02:00:00,24.11
2025-04-02 03:00:00,23.26
2025-04-02 04:00:00,23.39
2025-04-02 05:00:00,26.86
2025-04-02 06:00:00,34.0
2025-04-02 07:00:00,36.17
2025-04-02 08:00:00,37.06
2025-04-02 09:00:00,29.92
2025-04-02 10:00:00,24.26
2025-04-02 11:00:00,24.16
2025-04-02 12:00:00,25.87
2025-04-02 13:00:00,29.91
2025-04-02 14:00:00,32.95
2025-04-02 15:00:00,36.43
2025-04-02 16:00:00,49.28
2025-04-02 17:00:00,55.83
2025-04-02 18:00:00,69.38
2025-04-02 19:00:00,138.21
2025-04-02 20:00:00,195.74
2025-04-02 21:00:00,196.13
2025-04-02 22:00:00,108.24
2025-04-02 23:00:00,99.35
2025-04-03 00:00:00,50.49
2025-04-03 01:00:00,46.77
2025-04-03 02:00:00,43.28
2025-04-03 03:00:00,40.19
2025-04-03 04:00:00,36.13
2025-04-03 05:00:00,35.57
2025-04-03 06:00:00,40.55
2025-04-03 07:00:00,42.92
2025-04-03 08:00:00,41.69
2025-04-03 09:00:00,31.99
2025-04-03 10:00:00,25.28
2025-04-03 11:00:00,25.78
2025-04-03 12:00:00,26.16
2025-04-03 13:00:00,27.26
2025-04-03 14:00:00,30.24
2025-04-03 15:00:00,35.0
2025-04-03 16:00:00,45.86
2025-04-03 17:00:00,50.54
2025-04-03 18:00:00,61.13
2025-04-03 19:00:00,79.62
2025-04-03 20:00:00,96.07
2025-04-03 21:00:00,76.47
2025-04-03 22:00:00,53.71
2025-04-03 23:00:00,54.53
2025-04-04 00:00:00,42.9
2025-04-04 01:00:00,41.03
2025-04-04 02:00:00,38.72
2025-04-04 03:00:00,37.17
2025-04-04 04:00:00,36.18
2025-04-04 05:00:00,36.41
2025-04-04 06:00:00,39.71
2025-04-04 07:00:00,41.24
2025-04-04 08:00:00,40.3
2025-04-04 09:00:00,36.66
2025-04-04 10:00:00,40.71
2025-04-04 11:00:00,38.49
2025-04-04 12:00:00,35.2
2025-04-04 13:00:00,33.76
2025-04-04 14:00:00,32.12
2025-04-04 15:00:00,34.29
2025-04-04 16:00:00,34.23
2025-04-04 17:00:00,38.73
2025-04-04 18:00:00,42.66
2025-04-04 19:00:00,44.36
2025-04-04 20:00:00,48.57
2025-04-04 21:00:00,48.6
2025-04-04 22:00:00,39.27
2025-04-04 23:00:00,40.81
2025-04-05 00:00:00,35.87
2025-04-05 01:00:00,31.67
2025-04-05 02:00:00,28.8
2025-04-05 03:00:00,25.59
2025-04-05 04:00:00,22.41
2025-04-05 05:00:00,20.59
2025-04-05 06:00:00,22.07
2025-04-05 07:00:00,23.55
2025-04-05 08:00:00,25.76
2025-04-05 09:00:00,26.23
2025-04-05 10:00:00,26.04
2025-04-05 11:00:00,26.24
2025-04-05 12:00:00,24.91
2025-04-05 13:00:00,25.05
2025-04-05 14:00:00,23.19
2025-04-05 15:00:00,22.27
2025-04-05 16:00:00,22.57
2025-04-05 17:00:00,24.4
2025-04-05 18:00:00,23.35
2025-04-05 19:00:00,26.63
2025-04-05 20:00:00,31.03
2025-04-05 21:00:00,32.78
2025-04-05 22:00:00,30.24
2025-04-05 23:00:00,24.22
2025-04-06 00:00:00,22.81
2025-04-06 01:00:00,20.65
2025-04-06 02:00:00,20.23
2025-04-06 03:00:00,20.41
2025-04-06 04:00:00,21.89
2025-04-06 05:00:00,24.39
2025-04-06 06:00:00,30.97
2025-04-06 07:00:00,39.1
2025-04-06 08:00:00,40.43
2025-04-06 09:00:00,32.17
2025-04-06 10:00:00,24.97
2025-04-06 11:00:00,16.63
2025-04-06 12:00:00,13.51
2025-04-06 13:00:00,11.38
2025-04-06 14:00:00,8.31
2025-04-06 15:00:00,5.64
2025-04-06 16:00:00,7.52
2025-04-06 17:00:00,11.26
2025-04-06 18:00:00,16.1
2025-04-06 19:00:00,24.42
2025-04-06 20:00:00,57.84
2025-04-06 21:00:00,96.3
2025-04-06 22:00:00,90.09
2025-04-06 23:00:00,73.47
2025-04-07 00:00:00,59.19
2025-04-07 01:00:00,47.61
2025-04-07 02:00:00,46.73
2025-04-07 03:00:00,46.98
2025-04-07 04:00:00,44.94
2025-04-07 05:00:00,45.58
2025-04-07 06:00:00,52.53
2025-04-07 07:00:00,95.3
2025-04-07 08:00:00,91.15
2025-04-07 09:00:00,32.27
2025-04-07 10:00:00,24.75
2025-04-07 11:00:00,21.48
2025-04-07 12:00:00,19.07
2025-04-07 13:00:00,16.39
2025-04-07 14:00:00,16.43
2025-04-07 15:00:00,15.49
2025-04-07 16:00:00,14.56
2025-04-07 17:00:00,14.81
2025-04-07 18:00:00,19.44
2025-04-07 19:00:00,31.43
2025-04-07 20:00:00,94.68
2025-04-07 21:00:00,104.65
2025-04-07 22:00:00,74.98
2025-04-07 23:00:00,46.78
2025-04-08 00:00:00,34.17
2025-04-08 01:00:00,35.9
2025-04-08 02:00:00,30.97
2025-04-08 03:00:00,26.48
2025-04-08 04:00:00,26.37
2025-04-08 05:00:00,26.84
2025-04-08 06:00:00,39.52
2025-04-08 07:00:00,52.14
2025-04-08 08:00:00,48.78
2025-04-08 09:00:00,25.67
2025-04-08 10:00:00,17.19
2025-04-08 11:00:00,13.18
2025-04-08 12:00:00,11.56
2025-04-08 13:00:00,10.68
2025-04-08 14:00:00,11.88
2025-04-08 15:00:00,11.77
2025-04-08 16:00:00,13.33
2025-04-08 17:00:00,17.05
2025-04-08 18:00:00,21.34
2025-04-08 19:00:00,33.58
2025-04-08 20:00:00,63.97
2025-04-08 21:00:00,49.74
2025-04-08 22:00:00,29.41
2025-04-08 23:00:00,21.75
2025-04-09 00:00:00,17.73
2025-04-09 01:00:00,18.66
2025-04-09 02:00:00,16.22
2025-04-09 03:00:00,14.76
2025-04-09 04:00:00,14.54
2025-04-09 05:00:00,16.63
2025-04-09 06:00:00,24.0
2025-04-09 07:00:00,22.69
2025-04-09 08:00:00,18.82
2025-04-09 09:00:00,7.58
2025-04-09 10:00:00,1.63
2025-04-09 11:00:00,0.69
2025-04-09 12:00:00,1.2
2025-04-09 13:00:00,3.47
2025-04-09 14:00:00,5.64
2025-04-09 15:00:00,9.68
2025-04-09 16:00:00,14.89
2025-04-09 17:00:00,16.9
2025-04-09 18:00:00,23.24
2025-04-09 19:00:00,37.84
2025-04-09 20:00:00,101.21
2025-04-09 21:00:00,79.55
2025-04-09 22:00:00,47.6
2025-04-09 23:00:00,35.4
2025-04-10 00:00:00,29.92
2025-04-10 01:00:00,31.15
2025-04-10 02:00:00,28.0
2025-04-10 03:00:00,28.45
2025-04-10 04:00:00,30.66
2025-04-10 05:00:00,36.31
2025-04-10 06:00:00,46.81
2025-04-10 07:00:00,50.38
2025-04-10 08:00:00,47.0
2025-04-10 09:00:00,24.04
2025-04-10 10:00:00,12.9
2025-04-10 11:00:00,15.75
2025-04-10 12:00:00,16.75
2025-04-10 13:00:00,18.4
2025-04-10 14:00:00,21.36
2025-04-10 15:00:00,23.25
2025-04-10 16:00:00,24.78
2025-04-10 17:00:00,24.82
2025-04-10 18:00:00,27.87
2025-04-10 19:00:00,44.54
2025-04-10 20:00:00,108.82
2025-04-10 21:00:00,62.51
2025-04-10 22:00:00,37.94
2025-04-10 23:00:00,36.43
2025-04-11 00:00:00,29.63
2025-04-11 01:00:00,30.9
2025-04-11 02:00:00,25.91
2025-04-11 03:00:00,26.01
2025-04-11 04:00:00,28.64
2025-04-11 05:00:00,29.86
2025-04-11 06:00:00,37.25
2025-04-11 07:00:00,45.12
2025-04-11 08:00:00,40.06
2025-04-11 09:00:00,24.76
2025-04-11 10:00:00,15.56
2025-04-11 11:00:00,14.21
2025-04-11 12:00:00,13.84
2025-04-11 13:00:00,17.98
2025-04-11 14:00:00,20.57
2025-04-11 15:00:00,22.53
2025-04-11 16:00:00,26.45
2025-04-11 17:00:00,29.62
2025-04-11 18:00:00,28.87
2025-04-11 19:00:00,44.2
2025-04-11 20:00:00,91.13
2025-04-11 21:00:00,59.19
2025-04-11 22:00:00,35.11
2025-04-11 23:00:00,29.91
2025-04-12 00:00:00,25.08
2025-04-12 01:00:00,22.5
2025-04-12 02:00:00,19.65
2025-04-12 03:00:00,17.73
2025-04-12 04:00:00,17.03
2025-04-12 05:00:00,17.03
2025-04-12 06:00:00,19.41
2025-04-12 07:00:00,19.49
2025-04-12 08:00:00,19.21
2025-04-12 09:00:00,8.12
2025-04-12 10:00:00,6.25
2025-04-12 11:00:00,4.31
2025-04-12 12:00:00,5.91
2025-04-12 13:00:00,7.63
2025-04-12 14:00:00,9.18
2025-04-12 15:00:00,12.37
2025-04-12 16:00:00,13.83
2025-04-12 17:00:00,15.55
2025-04-12 18:00:00,19.8
2025-04-12 19:00:00,29.48
2025-04-12 20:00:00,43.56
2025-04-12 21:00:00,40.91
2025-04-12 22:00:00,31.03
2025-04-12 23:00:00,26.37
2025-04-13 00:00:00,22.83
2025-04-13 01:00:00,20.26
2025-04-13 02:00:00,18.65
2025-04-13 03:00:00,17.12
2025-04-13 04:00:00,15.7
2025-04-13 05:00:00,15.28
2025-04-13 06:00:00,16.27
2025-04-13 07:00:00,16.65
2025-04-13 08:00:00,15.24
2025-04-13 09:00:00,6.09
2025-04-13 10:00:00,2.3
2025-04-13 11:00:00,2.94
2025-04-13 12:00:00,6.26
2025-04-13 13:00:00,11.19
2025-04-13 14:00:00,15.19
2025-04-13 15:00:00,21.12
2025-04-13 16:00:00,24.57
2025-04-13 17:00:00,27.56
2025-04-13 18:00:00,31.39
2025-04-13 19:00:00,45.66
2025-04-13 20:00:00,66.72
2025-04-13 21:00:00,69.19
2025-04-13 22:00:00,38.59
2025-04-13 23:00:00,29.19
2025-04-14 00:00:00,23.97
2025-04-14 01:00:00,23.35
2025-04-14 02:00:00,20.9
2025-04-14 03:00:00,17.72
2025-04-14 04:00:00,17.5
2025-04-14 05:00:00,18.33
2025-04-14 06:00:00,24.5
2025-04-14 07:00:00,24.79
2025-04-14 08:00:00,28.57
2025-04-14 09:00:00,15.39
2025-04-14 10:00:00,8.91
2025-04-14 11:00:00,9.29
2025-04-14 12:00:00,12.2
2025-04-14 13:00:00,14.56
2025-04-14 14:00:00,19.99
2025-04-14 15:00:00,21.09
2025-04-14 16:00:00,25.65
2025-04-14 17:00:00,33.61
2025-04-14 18:00:00,40.29
2025-04-14 19:00:00,60.72
2025-04-14 20:00:00,113.29
2025-04-14 21:00:00,85.4
2025-04-14 22:00:00,44.52
2025-04-14 23:00:00,40.2
2025-04-15 00:00:00,28.23
2025-04-15 01:00:00,25.31
2025-04-15 02:00:00,22.66
2025-04-15 03:00:00,21.93
2025-04-15 04:00:00,20.79
2025-04-15 05:00:00,21.97
2025-04-15 06:00:00,27.94
2025-04-15 07:00:00,37.09
2025-04-15 08:00:00,41.25
2025-04-15 09:00:00,24.13
2025-04-15 10:00:00,15.61
2025-04-15 11:00:00,12.36
2025-04-15 12:00:00,12.79
2025-04-15 13:00:00,14.22
2025-04-15 14:00:00,18.14
2025-04-15 15:00:00,21.61
2025-04-15 16:00:00,22.58
2025-04-15 17:00:00,23.64
2025-04-15 18:00:00,26.53
2025-04-15 19:00:00,31.73
2025-04-15 20:00:00,74.29
2025-04-15 21:00:00,89.08
2025-04-15 22:00:00,50.38
2025-04-15 23:00:00,35.94
2025-04-16 00:00:00,28.48
2025-04-16 01:00:00,30.48
2025-04-16 02:00:00,27.35
2025-04-16 03:00:00,24.55
2025-04-16 04:00:00,23.81
2025-04-16 05:00:00,24.28
2025-04-16 06:00:00,33.05
2025-04-16 07:00:00,33.21
2025-04-16 08:00:00,32.24
2025-04-16 09:00:00,20.05
2025-04-16 10:00:00,9.85
2025-04-16 11:00:00,7.23
2025-04-16 12:00:00,8.29
2025-04-16 13:00:00,10.23
2025-04-16 14:00:00,12.55
2025-04-16 15:00:00,15.56
2025-04-16 16:00:00,19.24
2025-04-16 17:00:00,21.57
2025-04-16 18:00:00,23.59
2025-04-16 19:00:00,32.79
2025-04-16 20:00:00,45.24
2025-04-16 21:00:00,41.82
2025-04-16 22:00:00,32.56
2025-04-16 23:00:00,30.56
2025-04-17 00:00:00,22.4
2025-04-17 01:00:00,19.83
2025-04-17 02:00:00,17.82
2025-04-17 03:00:00,16.82
2025-04-17 04:00:00,15.95
2025-04-17 05:00:00,17.0
2025-04-17 06:00:00,24.08
2025-04-17 07:00:00,23.04
2025-04-17 08:00:00,23.28
2025-04-17 09:00:00,16.9
2025-04-17 10:00:00,12.42
2025-04-17 11:00:00,11.59
2025-04-17 12:00:00,16.97
2025-04-17 13:00:00,23.22
2025-04-17 14:00:00,24.54
2025-04-17 15:00:00,27.09
2025-04-17 16:00:00,27.86
2025-04-17 17:00:00,31.44
2025-04-17 18:00:00,32.24
2025-04-17 19:00:00,38.49
2025-04-17 20:00:00,42.91
2025-04-17 21:00:00,42.23
2025-04-17 22:00:00,31.17
2025-04-17 23:00:00,27.44
2025-04-18 00:00:00,21.52
2025-04-18 01:00:00,23.09
2025-04-18 02:00:00,19.13
2025-04-18 03:00:00,18.1
2025-04-18 04:00:00,17.78
2025-04-18 05:00:00,18.54
2025-04-18 06:00:00,22.77
2025-04-18 07:00:00,25.08
2025-04-18 08:00:00,28.06
2025-04-18 09:00:00,24.32
2025-04-18 10:00:00,19.55
2025-04-18 11:00:00,21.09
2025-04-18 12:00:00,20.74
2025-04-18 13:00:00,21.16
2025-04-18 14:00:00,22.74
2025-04-18 15:00:00,25.51
2025-04-18 16:00:00,26.22
2025-04-18 17:00:00,30.39
2025-04-18 18:00:00,35.84
2025-04-18 19:00:00,43.96
2025-04-18 20:00:00,42.21
2025-04-18 21:00:00,42.14
2025-04-18 22:00:00,36.46
2025-04-18 23:00:00,34.42
2025-04-19 00:00:00,27.33
2025-04-19 01:00:00,24.4
2025-04-19 02:00:00,21.41
2025-04-19 03:00:00,20.86
2025-04-19 04:00:00,19.09
2025-04-19 05:00:00,19.01
2025-04-19 06:00:00,20.67
2025-04-19 07:00:00,23.01
2025-04-19 08:00:00,24.68
2025-04-19 09:00:00,22.55
2025-04-19 10:00:00,21.32
2025-04-19 11:00:00,20.36
2025-04-19 12:00:00,20.09
2025-04-19 13:00:00,20.25
2025-04-19 14:00:00,19.07
2025-04-19 15:00:00,17.5
2025-04-19 16:00:00,16.85
2025-04-19 17:00:00,17.96
2025-04-19 18:00:00,20.19
2025-04-19 19:00:00,24.34
2025-04-19 20:00:00,37.29
2025-04-19 21:00:00,44.16
2025-04-19 22:00:00,38.45
2025-04-19 23:00:00,30.05
2025-04-20 00:00:00,25.19
2025-04-20 01:00:00,21.22
2025-04-20 02:00:00,21.54
2025-04-20 03:00:00,23.41
2025-04-20 04:00:00,25.2
2025-04-20 05:00:00,26.58
2025-04-20 06:00:00,25.9
2025-04-20 07:00:00,25.99
2025-04-20 08:00:00,25.09
2025-04-20 09:00:00,19.94
2025-04-20 10:00:00,16.43
2025-04-20 11:00:00,13.85
2025-04-20 12:00:00,13.33
2025-04-20 13:00:00,14.66
2025-04-20 14:00:00,16.21
2025-04-20 15:00:00,17.31
2025-04-20 16:00:00,19.59
2025-04-20 17:00:00,21.39
2025-04-20 18:00:00,28.69
2025-04-20 19:00:00,50.94
2025-04-20 20:00:00,170.17
2025-04-20 21:00:00,225.68
2025-04-20 22:00:00,169.4
2025-04-20 23:00:00,82.79
2025-04-21 00:00:00,49.66
2025-04-21 01:00:00,42.7
2025-04-21 02:00:00,34.81
2025-04-21 03:00:00,31.29
2025-04-21 04:00:00,29.62
2025-04-21 05:00:00,35.61
2025-04-21 06:00:00,40.88
2025-04-21 07:00:00,50.33
2025-04-21 08:00:00,38.5
2025-04-21 09:00:00,19.77
2025-04-21 10:00:00,17.93
2025-04-21 11:00:00,17.85
2025-04-21 12:00:00,16.84
2025-04-21 13:00:00,16.71
2025-04-21 14:00:00,18.4
2025-04-21 15:00:00,20.79
2025-04-21 16:00:00,23.02
2025-04-21 17:00:00,23.34
2025-04-21 18:00:00,21.48
2025-04-21 19:00:00,29.59
2025-04-21 20:00:00,93.72
2025-04-21 21:00:00,77.05
2025-04-21 22:00:00,37.17
2025-04-21 23:00:00,24.92
2025-04-22 00:00:00,22.79
2025-04-22 01:00:00,20.59
2025-04-22 02:00:00,17.67
2025-04-22 03:00:00,16.56
2025-04-22 04:00:00,16.02
2025-04-22 05:00:00,16.82
2025-04-22 06:00:00,21.21
2025-04-22 07:00:00,25.31
2025-04-22 08:00:00,26.67
2025-04-22 09:00:00,19.58
2025-04-22 10:00:00,20.1
2025-04-22 11:00:00,17.35
2025-04-22 12:00:00,15.17
2025-04-22 13:00:00,16.96
2025-04-22 14:00:00,20.26
2025-04-22 15:00:00,22.53
2025-04-22 16:00:00,26.89
2025-04-22 17:00:00,28.45
2025-04-22 18:00:00,28.97
2025-04-22 19:00:00,34.78
2025-04-22 20:00:00,70.74
2025-04-22 21:00:00,90.89
2025-04-22 22:00:00,64.76
2025-04-22 23:00:00,47.56
2025-04-23 00:00:00,35.85
2025-04-23 01:00:00,33.19
2025-04-23 02:00:00,30.52
2025-04-23 03:00:00,30.57
2025-04-23 04:00:00,30.54
2025-04-23 05:00:00,32.12
2025-04-23 06:00:00,36.21
2025-04-23 07:00:00,43.73
2025-04-23 08:00:00,45.28
2025-04-23 09:00:00,37.06
2025-04-23 10:00:00,28.03
2025-04-23 11:00:00,23.42
2025-04-23 12:00:00,22.44
2025-04-23 13:00:00,22.29
2025-04-23 14:00:00,19.5
2025-04-23 15:00:00,20.35
2025-04-23 16:00:00,20.72
2025-04-23 17:00:00,25.84
2025-04-23 18:00:00,28.01
2025-04-23 19:00:00,37.81
2025-04-23 20:00:00,48.7
2025-04-23 21:00:00,69.88
2025-04-23 22:00:00,45.94
2025-04-23 23:00:00,36.12
2025-04-24 00:00:00,26.24
2025-04-24 01:00:00,25.03
2025-04-24 02:00:00,24.51
2025-04-24 03:00:00,23.45
2025-04-24 04:00:00,25.3
2025-04-24 05:00:00,28.48
2025-04-24 06:00:00,34.23
2025-04-24 07:00:00,36.28
2025-04-24 08:00:00,38.1
2025-04-24 09:00:00,27.62
2025-04-24 10:00:00,22.33
2025-04-24 11:00:00,18.97
2025-04-24 12:00:00,17.33
2025-04-24 13:00:00,19.3
2025-04-24 14:00:00,19.15
2025-04-24 15:00:00,22.12
2025-04-24 16:00:00,24.91
2025-04-24 17:00:00,29.11
2025-04-24 18:00:00,30.14
2025-04-24 19:00:00,38.89
2025-04-24 20:00:00,78.42
2025-04-24 21:00:00,85.09
2025-04-24 22:00:00,56.99
2025-04-24 23:00:00,40.3
2025-04-25 00:00:00,31.46
2025-04-25 01:00:00,25.42
2025-04-25 02:00:00,24.57
2025-04-25 03:00:00,23.97
2025-04-25 04:00:00,24.11
2025-04-25 05:00:00,29.18
2025-04-25 06:00:00,33.33
2025-04-25 07:00:00,47.43
2025-04-25 08:00:00,42.37
2025-04-25 09:00:00,31.19
2025-04-25 10:00:00,23.36
2025-04-25 11:00:00,21.28
2025-04-25 12:00:00,22.84
2025-04-25 13:00:00,26.12
2025-04-25 14:00:00,28.92
2025-04-25 15:00:00,33.99
2025-04-25 16:00:00,32.98
2025-04-25 17:00:00,35.92
2025-04-25 18:00:00,37.71
2025-04-25 19:00:00,52.54
2025-04-25 20:00:00,87.65
2025-04-25 21:00:00,71.28
2025-04-25 22:00:00,51.22
2025-04-25 23:00:00,44.51
2025-04-26 00:00:00,35.64
2025-04-26 01:00:00,25.92
2025-04-26 02:00:00,23.37
2025-04-26 03:00:00,22.21
2025-04-26 04:00:00,21.74
2025-04-26 05:00:00,23.66
2025-04-26 06:00:00,26.79
2025-04-26 07:00:00,30.4
2025-04-26 08:00:00,27.55
2025-04-26 09:00:00,19.57
2025-04-26 10:00:00,17.56
2025-04-26 11:00:00,15.88
2025-04-26 12:00:00,16.27
2025-04-26 13:00:00,16.48
2025-04-26 14:00:00,16.38
2025-04-26 15:00:00,18.61
2025-04-26 16:00:00,19.17
2025-04-26 17:00:00,19.83
2025-04-26 18:00:00,21.34
2025-04-26 19:00:00,33.67
2025-04-26 20:00:00,64.7
2025-04-26 21:00:00,68.65
2025-04-26 22:00:00,42.89
2025-04-26 23:00:00,29.98
2025-04-27 00:00:00,25.94
2025-04-27 01:00:00,20.21
2025-04-27 02:00:00,19.76
2025-04-27 03:00:00,17.0
2025-04-27 04:00:00,17.04
2025-04-27 05:00:00,16.02
2025-04-27 06:00:00,19.18
2025-04-27 07:00:00,20.88
2025-04-27 08:00:00,17.49
2025-04-27 09:00:00,11.9
2025-04-27 10:00:00,10.04
2025-04-27 11:00:00,8.96
2025-04-27 12:00:00,10.2
2025-04-27 13:00:00,11.88
2025-04-27 14:00:00,12.78
2025-04-27 15:00:00,14.39
2025-04-27 16:00:00,16.29
2025-04-27 17:00:00,17.01
2025-04-27 18:00:00,22.12
2025-04-27 19:00:00,26.22
2025-04-27 20:00:00,35.95
2025-04-27 21:00:00,37.47
2025-04-27 22:00:00,29.66
2025-04-27 23:00:00,21.7
2025-04-28 00:00:00,19.67
2025-04-28 01:00:00,22.46
2025-04-28 02:00:00,18.42
2025-04-28 03:00:00,16.86
2025-04-28 04:00:00,15.67
2025-04-28 05:00:00,16.81
2025-04-28 06:00:00,20.15
2025-04-28 07:00:00,21.52
2025-04-28 08:00:00,25.97
2025-04-28 09:00:00,21.15
2025-04-28 10:00:00,17.35
2025-04-28 11:00:00,16.4
2025-04-28 12:00:00,18.96
2025-04-28 13:00:00,21.81
2025-04-28 14:00:00,20.25
2025-04-28 15:00:00,23.34
2025-04-28 16:00:00,25.27
2025-04-28 17:00:00,29.58
2025-04-28 18:00:00,35.52
2025-04-28 19:00:00,47.6
2025-04-28 20:00:00,64.67
2025-04-28 21:00:00,68.17
2025-04-28 22:00:00,47.79
2025-04-28 23:00:00,33.78
2025-04-29 00:00:00,27.88
2025-04-29 01:00:00,30.18
2025-04-29 02:00:00,27.53
2025-04-29 03:00:00,25.34
2025-04-29 04:00:00,24.69
2025-04-29 05:00:00,26.88
2025-04-29 06:00:00,28.87
2025-04-29 07:00:00,35.99
2025-04-29 08:00:00,34.35
2025-04-29 09:00:00,23.29
2025-04-29 10:00:00,19.3
2025-04-29 11:00:00,18.47
2025-04-29 12:00:00,20.77
2025-04-29 13:00:00,22.6
2025-04-29 14:00:00,26.07
2025-04-29 15:00:00,29.08
2025-04-29 16:00:00,29.94
2025-04-29 17:00:00,29.55
2025-04-29 18:00:00,30.73
2025-04-29 19:00:00,45.73
2025-04-29 20:00:00,72.9
2025-04-29 21:00:00,84.84
2025-04-29 22:00:00,73.08
2025-04-29 23:00:00,57.71
2025-04-30 00:00:00,37.21
2025-04-30 01:00:00,31.25
2025-04-30 02:00:00,28.59
2025-04-30 03:00:00,25.62
2025-04-30 04:00:00,25.04
2025-04-30 05:00:00,26.85
2025-04-30 06:00:00,31.21
2025-04-30 07:00:00,43.43
2025-04-30 08:00:00,44.52
2025-04-30 09:00:00,41.32
2025-04-30 10:00:00,35.37
2025-04-30 11:00:00,35.18
2025-04-30 12:00:00,30.35
2025-04-30 13:00:00,29.7
2025-04-30 14:00:00,28.55
2025-04-30 15:00:00,27.15
2025-04-30 16:00:00,27.3
2025-04-30 17:00:00,26.55
2025-04-30 18:00:00,27.87
2025-04-30 19:00:00,33.37
2025-04-30 20:00:00,80.12
2025-04-30 21:00:00,96.5
2025-04-30 22:00:00,111.53
2025-04-30 23:00:00,84.98
2025-05-01 00:00:00,58.79
2025-05-01 01:00:00,52.04
2025-05-01 02:00:00,39.4
2025-05-01 03:00:00,34.75
2025-05-01 04:00:00,33.03
2025-05-01 05:00:00,34.02
2025-05-01 06:00:00,38.59
2025-05-01 07:00:00,57.97
2025-05-01 08:00:00,44.06
2025-05-01 09:00:00,23.87
2025-05-01 10:00:00,21.76
2025-05-01 11:00:00,21.26
2025-05-01 12:00:00,23.33
2025-05-01 13:00:00,23.71
2025-05-01 14:00:00,28.45
2025-05-01 15:00:00,32.35
2025-05-01 16:00:00,37.43
2025-05-01 17:00:00,42.82
2025-05-01 18:00:00,53.08
2025-05-01 19:00:00,90.08
2025-05-01 20:00:00,171.46
2025-05-01 21:00:00,131.6
2025-05-01 22:00:00,60.52
2025-05-01 23:00:00,34.14
2025-05-02 00:00:00,26.11
2025-05-02 01:00:00,23.91
2025-05-02 02:00:00,23.86
2025-05-02 03:00:00,23.03
2025-05-02 04:00:00,22.37
2025-05-02 05:00:00,24.21
2025-05-02 06:00:00,26.09
2025-05-02 07:00:00,34.17
2025-05-02 08:00:00,32.49
2025-05-02 09:00:00,26.08
2025-05-02 10:00:00,22.2
2025-05-02 11:00:00,23.74
2025-05-02 12:00:00,23.86
2025-05-02 13:00:00,25.94
2025-05-02 14:00:00,26.3
2025-05-02 15:00:00,25.52
2025-05-02 16:00:00,25.21
2025-05-02 17:00:00,23.62
2025-05-02 18:00:00,23.97
2025-05-02 19:00:00,26.5
2025-05-02 20:00:00,37.45
2025-05-02 21:00:00,49.79
2025-05-02 22:00:00,50.11
2025-05-02 23:00:00,37.37
2025-05-03 00:00:00,33.15
2025-05-03 01:00:00,33.11
2025-05-03 02:00:00,35.98
2025-05-03 03:00:00,34.59
2025-05-03 04:00:00,34.77
2025-05-03 05:00:00,38.62
2025-05-03 06:00:00,39.26
2025-05-03 07:00:00,37.17
2025-05-03 08:00:00,32.73
2025-05-03 09:00:00,22.25
2025-05-03 10:00:00,19.67
2025-05-03 11:00:00,16.74
2025-05-03 12:00:00,12.78
2025-05-03 13:00:00,13.57
2025-05-03 14:00:00,14.32
2025-05-03 15:00:00,14.38
2025-05-03 16:00:00,15.94
2025-05-03 17:00:00,18.86
2025-05-03 18:00:00,19.3
2025-05-03 19:00:00,28.09
2025-05-03 20:00:00,65.99
2025-05-03 21:00:00,60.51
2025-05-03 22:00:00,42.83
2025-05-03 23:00:00,32.94
2025-05-04 00:00:00,26.73
2025-05-04 01:00:00,22.7
2025-05-04 02:00:00,21.33
2025-05-04 03:00:00,20.68
2025-05-04 04:00:00,19.94
2025-05-04 05:00:00,19.36
2025-05-04 06:00:00,20.31
2025-05-04 07:00:00,21.32
2025-05-04 08:00:00,19.64
2025-05-04 09:00:00,8.48
2025-05-04 10:00:00,6.09
2025-05-04 11:00:00,5.22
2025-05-04 12:00:00,4.84
2025-05-04 13:00:00,5.8
2025-05-04 14:00:00,6.34
2025-05-04 15:00:00,6.14
2025-05-04 16:00:00,6.73
2025-05-04 17:00:00,11.23
2025-05-04 18:00:00,14.53
2025-05-04 19:00:00,20.74
2025-05-04 20:00:00,39.0
2025-05-04 21:00:00,39.04
2025-05-04 22:00:00,31.31
2025-05-04 23:00:00,21.51
2025-05-05 00:00:00,19.09
2025-05-05 01:00:00,19.0
2025-05-05 02:00:00,19.12
2025-05-05 03:00:00,18.28
2025-05-05 04:00:00,18.7
2025-05-05 05:00:00,19.66
2025-05-05 06:00:00,23.99
2025-05-05 07:00:00,25.9
2025-05-05 08:00:00,24.62
2025-05-05 09:00:00,17.13
2025-05-05 10:00:00,13.71
2025-05-05 11:00:00,18.12
2025-05-05 12:00:00,18.59
2025-05-05 13:00:00,20.83
2025-05-05 14:00:00,23.49
2025-05-05 15:00:00,24.21
2025-05-05 16:00:00,24.97
2025-05-05 17:00:00,22.61
2025-05-05 18:00:00,22.5
2025-05-05 19:00:00,21.14
2025-05-05 20:00:00,29.81
2025-05-05 21:00:00,38.67
2025-05-05 22:00:00,34.17
2025-05-05 23:00:00,24.9
2025-05-06 00:00:00,21.71
2025-05-06 01:00:00,18.7
2025-05-06 02:00:00,18.23
2025-05-06 03:00:00,18.72
2025-05-06 04:00:00,18.99
2025-05-06 05:00:00,20.85
2025-05-06 06:00:00,25.07
2025-05-06 07:00:00,36.21
2025-05-06 08:00:00,40.83
2025-05-06 09:00:00,30.66
2025-05-06 10:00:00,27.62
2025-05-06 11:00:00,25.19
2025-05-06 12:00:00,23.18
2025-05-06 13:00:00,22.01
2025-05-06 14:00:00,23.57
2025-05-06 15:00:00,22.85
2025-05-06 16:00:00,25.84
2025-05-06 17:00:00,25.51
2025-05-06 18:00:00,26.11
2025-05-06 19:00:00,32.86
2025-05-06 20:00:00,70.42
2025-05-06 21:00:00,93.82
2025-05-06 22:00:00,94.82
2025-05-06 23:00:00,76.91
2025-05-07 00:00:00,50.74
2025-05-07 01:00:00,42.93
2025-05-07 02:00:00,37.48
2025-05-07 03:00:00,34.39
2025-05-07 04:00:00,33.93
2025-05-07 05:00:00,34.33
2025-05-07 06:00:00,38.71
2025-05-07 07:00:00,48.99
2025-05-07 08:00:00,37.23
2025-05-07 09:00:00,26.37
2025-05-07 10:00:00,23.0
2025-05-07 11:00:00,22.41
2025-05-07 12:00:00,21.69
2025-05-07 13:00:00,23.87
2025-05-07 14:00:00,25.86
2025-05-07 15:00:00,26.08
2025-05-07 16:00:00,26.64
2025-05-07 17:00:00,27.77
2025-05-07 18:00:00,27.41
2025-05-07 19:00:00,41.0
2025-05-07 20:00:00,79.45
2025-05-07 21:00:00,94.37
2025-05-07 22:00:00,71.08
2025-05-07 23:00:00,44.7
2025-05-08 00:00:00,32.41
2025-05-08 01:00:00,31.1
2025-05-08 02:00:00,29.61
2025-05-08 03:00:00,27.49
2025-05-08 04:00:00,27.04
2025-05-08 05:00:00,27.25
2025-05-08 06:00:00,28.73
2025-05-08 07:00:00,33.85
2025-05-08 08:00:00,27.35
2025-05-08 09:00:00,20.47
2025-05-08 10:00:00,19.97
2025-05-08 11:00:00,20.55
2025-05-08 12:00:00,21.35
2025-05-08 13:00:00,20.93
2025-05-08 14:00:00,25.51
2025-05-08 15:00:00,24.35
2025-05-08 16:00:00,25.74
2025-05-08 17:00:00,30.31
2025-05-08 18:00:00,35.84
2025-05-08 19:00:00,47.24
2025-05-08 20:00:00,66.66
2025-05-08 21:00:00,90.77
2025-05-08 22:00:00,73.27
2025-05-08 23:00:00,55.32
2025-05-09 00:00:00,43.17
2025-05-09 01:00:00,42.07
2025-05-09 02:00:00,37.47
2025-05-09 03:00:00,32.4
2025-05-09 04:00:00,29.28
2025-05-09 05:00:00,28.17
2025-05-09 06:00:00,29.07
2025-05-09 07:00:00,30.52
2025-05-09 08:00:00,24.64
2025-05-09 09:00:00,20.04
2025-05-09 10:00:00,15.6
2025-05-09 11:00:00,14.03
2025-05-09 12:00:00,12.56
2025-05-09 13:00:00,12.16
2025-05-09 14:00:00,14.23
2025-05-09 15:00:00,16.51
2025-05-09 16:00:00,18.66
2025-05-09 17:00:00,19.93
2025-05-09 18:00:00,22.45
2025-05-09 19:00:00,25.97
2025-05-09 20:00:00,48.05
2025-05-09 21:00:00,59.0
2025-05-09 22:00:00,54.1
2025-05-09 23:00:00,44.79
2025-05-10 00:00:00,39.63
2025-05-10 01:00:00,41.19
2025-05-10 02:00:00,37.54
2025-05-10 03:00:00,32.27
2025-05-10 04:00:00,27.65
2025-05-10 05:00:00,26.18
2025-05-10 06:00:00,26.03
2025-05-10 07:00:00,25.07
2025-05-10 08:00:00,22.3
2025-05-10 09:00:00,13.77
2025-05-10 10:00:00,12.75
2025-05-10 11:00:00,11.36
2025-05-10 12:00:00,9.4
2025-05-10 13:00:00,8.52
2025-05-10 14:00:00,11.9
2025-05-10 15:00:00,11.44
2025-05-10 16:00:00,14.75
2025-05-10 17:00:00,17.69
2025-05-10 18:00:00,18.6
2025-05-10 19:00:00,19.02
2025-05-10 20:00:00,33.76
2025-05-10 21:00:00,49.03
2025-05-10 22:00:00,45.54
2025-05-10 23:00:00,46.86
2025-05-11 00:00:00,38.69
2025-05-11 01:00:00,34.36
2025-05-11 02:00:00,34.93
2025-05-11 03:00:00,35.27
2025-05-11 04:00:00,35.0
2025-05-11 05:00:00,34.81
2025-05-11 06:00:00,32.93
2025-05-11 07:00:00,29.73
2025-05-11 08:00:00,24.6
2025-05-11 09:00:00,19.96
2025-05-11 10:00:00,18.79
2025-05-11 11:00:00,16.72
2025-05-11 12:00:00,15.64
2025-05-11 13:00:00,15.19
2025-05-11 14:00:00,17.84
2025-05-11 15:00:00,19.84
2025-05-11 16:00:00,20.66
2025-05-11 17:00:00,20.68
2025-05-11 18:00:00,23.71
2025-05-11 19:00:00,29.52
2025-05-11 20:00:00,62.48
2025-05-11 21:00:00,76.91
2025-05-11 22:00:00,64.82
2025-05-11 23:00:00,46.01
2025-05-12 00:00:00,35.56
2025-05-12 01:00:00,29.81
2025-05-12 02:00:00,28.2
2025-05-12 03:00:00,27.07
2025-05-12 04:00:00,27.1
2025-05-12 05:00:00,27.76
2025-05-12 06:00:00,32.06
2025-05-12 07:00:00,33.24
2025-05-12 08:00:00,25.39
2025-05-12 09:00:00,17.22
2025-05-12 10:00:00,15.75
2025-05-12 11:00:00,17.35
2025-05-12 12:00:00,18.57
2025-05-12 13:00:00,19.55
2025-05-12 14:00:00,22.7
2025-05-12 15:00:00,24.07
2025-05-12 16:00:00,28.86
2025-05-12 17:00:00,29.85
2025-05-12 18:00:00,30.63
2025-05-12 19:00:00,47.5
2025-05-12 20:00:00,84.11
2025-05-12 21:00:00,83.0
2025-05-12 22:00:00,35.58
2025-05-12 23:00:00,26.72
2025-05-13 00:00:00,24.02
2025-05-13 01:00:00,19.47
2025-05-13 02:00:00,15.47
2025-05-13 03:00:00,13.98
2025-05-13 04:00:00,13.57
2025-05-13 05:00:00,15.55
2025-05-13 06:00:00,17.22
2025-05-13 07:00:00,17.99
2025-05-13 08:00:00,16.13
2025-05-13 09:00:00,9.35
2025-05-13 10:00:00,10.49
2025-05-13 11:00:00,13.95
2025-05-13 12:00:00,16.85
2025-05-13 13:00:00,20.35
2025-05-13 14:00:00,24.09
2025-05-13 15:00:00,28.59
2025-05-13 16:00:00,33.97
2025-05-13 17:00:00,43.81
2025-05-13 18:00:00,48.02
2025-05-13 19:00:00,50.92
2025-05-13 20:00:00,104.55
2025-05-13 21:00:00,129.97
2025-05-13 22:00:00,79.7
2025-05-13 23:00:00,50.05
2025-05-14 00:00:00,29.34
2025-05-14 01:00:00,24.18
2025-05-14 02:00:00,21.22
2025-05-14 03:00:00,20.09
2025-05-14 04:00:00,20.06
2025-05-14 05:00:00,19.34
2025-05-14 06:00:00,21.24
2025-05-14 07:00:00,20.96
2025-05-14 08:00:00,18.73
2025-05-14 09:00:00,16.46
2025-05-14 10:00:00,16.02
2025-05-14 11:00:00,18.79
2025-05-14 12:00:00,26.22
2025-05-14 13:00:00,32.43
2025-05-14 14:00:00,44.01
2025-05-14 15:00:00,54.45
2025-05-14 16:00:00,69.59
2025-05-14 17:00:00,69.98
2025-05-14 18:00:00,88.81
2025-05-14 19:00:00,98.23
2025-05-14 20:00:00,163.78
2025-05-14 21:00:00,162.63
2025-05-14 22:00:00,89.3
2025-05-14 23:00:00,55.06
2025-05-15 00:00:00,36.78
2025-05-15 01:00:00,29.88
2025-05-15 02:00:00,25.59
2025-05-15 03:00:00,23.3
2025-05-15 04:00:00,22.94
2025-05-15 05:00:00,23.2
2025-05-15 06:00:00,23.96
2025-05-15 07:00:00,23.94
2025-05-15 08:00:00,22.46
2025-05-15 09:00:00,20.29
2025-05-15 10:00:00,19.92
2025-05-15 11:00:00,21.41
2025-05-15 12:00:00,26.72
2025-05-15 13:00:00,34.32
2025-05-15 14:00:00,41.65
2025-05-15 15:00:00,47.38
2025-05-15 16:00:00,63.41
2025-05-15 17:00:00,73.95
2025-05-15 18:00:00,80.89
2025-05-15 19:00:00,115.91
2025-05-15 20:00:00,216.08
2025-05-15 21:00:00,193.81
2025-05-15 22:00:00,109.77
2025-05-15 23:00:00,65.09
2025-05-16 00:00:00,36.05
2025-05-16 01:00:00,23.17
2025-05-16 02:00:00,21.23
2025-05-16 03:00:00,20.59
2025-05-16 04:00:00,20.59
2025-05-16 05:00:00,21.56
2025-05-16 06:00:00,24.61
2025-05-16 07:00:00,24.75
2025-05-16 08:00:00,23.72
2025-05-16 09:00:00,20.31
2025-05-16 10:00:00,18.54
2025-05-16 11:00:00,19.55
2025-05-16 12:00:00,20.98
2025-05-16 13:00:00,24.66
2025-05-16 14:00:00,28.04
2025-05-16 15:00:00,33.61
2025-05-16 16:00:00,42.12
2025-05-16 17:00:00,52.04
2025-05-16 18:00:00,64.92
2025-05-16 19:00:00,95.96
2025-05-16 20:00:00,190.18
2025-05-16 21:00:00,169.26
2025-05-16 22:00:00,94.56
2025-05-16 23:00:00,74.81
2025-05-17 00:00:00,40.81
2025-05-17 01:00:00,28.58
2025-05-17 02:00:00,24.62
2025-05-17 03:00:00,23.5
2025-05-17 04:00:00,23.12
2025-05-17 05:00:00,21.56
2025-05-17 06:00:00,22.61
2025-05-17 07:00:00,23.13
2025-05-17 08:00:00,21.19
2025-05-17 09:00:00,20.67
2025-05-17 10:00:00,19.29
2025-05-17 11:00:00,20.29
2025-05-17 12:00:00,21.63
2025-05-17 13:00:00,24.76
2025-05-17 14:00:00,26.9
2025-05-17 15:00:00,27.24
2025-05-17 16:00:00,30.76
2025-05-17 17:00:00,29.43
2025-05-17 18:00:00,31.6
2025-05-17 19:00:00,33.02
2025-05-17 20:00:00,46.32
2025-05-17 21:00:00,46.41
2025-05-17 22:00:00,35.31
2025-05-17 23:00:00,30.07
2025-05-18 00:00:00,25.0
2025-05-18 01:00:00,22.84
2025-05-18 02:00:00,21.97
2025-05-18 03:00:00,22.08
2025-05-18 04:00:00,21.82
2025-05-18 05:00:00,21.1
2025-05-18 06:00:00,22.01
2025-05-18 07:00:00,19.38
2025-05-18 08:00:00,18.22
2025-05-18 09:00:00,15.54
2025-05-18 10:00:00,14.25
2025-05-18 11:00:00,14.43
2025-05-18 12:00:00,15.3
2025-05-18 13:00:00,19.04
2025-05-18 14:00:00,20.96
2025-05-18 15:00:00,22.81
2025-05-18 16:00:00,25.36
2025-05-18 17:00:00,29.01
2025-05-18 18:00:00,23.91
2025-05-18 19:00:00,26.6
2025-05-18 20:00:00,34.48
2025-05-18 21:00:00,41.01
2025-05-18 22:00:00,31.14
2025-05-18 23:00:00,26.35
2025-05-19 00:00:00,23.97
2025-05-19 01:00:00,22.98
2025-05-19 02:00:00,21.64
2025-05-19 03:00:00,21.04
2025-05-19 04:00:00,21.39
2025-05-19 05:00:00,23.14
2025-05-19 06:00:00,26.66
2025-05-19 07:00:00,29.05
2025-05-19 08:00:00,26.04
2025-05-19 09:00:00,22.09
2025-05-19 10:00:00,19.58
2025-05-19 11:00:00,20.63
2025-05-19 12:00:00,21.32
2025-05-19 13:00:00,20.55
2025-05-19 14:00:00,20.84
2025-05-19 15:00:00,23.12
2025-05-19 16:00:00,26.35
2025-05-19 17:00:00,26.47
2025-05-19 18:00:00,27.45
2025-05-19 19:00:00,28.66
2025-05-19 20:00:00,32.82
2025-05-19 21:00:00,43.87
2025-05-19 22:00:00,46.47
2025-05-19 23:00:00,43.55
2025-05-20 00:00:00,32.11
2025-05-20 01:00:00,26.97
2025-05-20 02:00:00,24.33
2025-05-20 03:00:00,21.47
2025-05-20 04:00:00,19.84
2025-05-20 05:00:00,19.88
2025-05-20 06:00:00,22.0
2025-05-20 07:00:00,30.22
2025-05-20 08:00:00,23.28
2025-05-20 09:00:00,18.3
2025-05-20 10:00:00,17.4
2025-05-20 11:00:00,19.14
2025-05-20 12:00:00,22.89
2025-05-20 13:00:00,27.66
2025-05-20 14:00:00,40.68
2025-05-20 15:00:00,41.69
2025-05-20 16:00:00,47.75
2025-05-20 17:00:00,55.94
2025-05-20 18:00:00,61.94
2025-05-20 19:00:00,155.06
2025-05-20 20:00:00,536.44
2025-05-20 21:00:00,526.46
2025-05-20 22:00:00,187.91
2025-05-20 23:00:00,56.93
2025-05-21 00:00:00,27.4
2025-05-21 01:00:00,21.93
2025-05-21 02:00:00,20.16
2025-05-21 03:00:00,18.81
2025-05-21 04:00:00,17.33
2025-05-21 05:00:00,17.96
2025-05-21 06:00:00,19.5
2025-05-21 07:00:00,23.6
2025-05-21 08:00:00,20.32
2025-05-21 09:00:00,14.98
2025-05-21 10:00:00,11.84
2025-05-21 11:00:00,11.68
2025-05-21 12:00:00,15.01
2025-05-21 13:00:00,19.42
2025-05-21 14:00:00,24.19
2025-05-21 15:00:00,26.16
2025-05-21 16:00:00,30.5
2025-05-21 17:00:00,36.52
2025-05-21 18:00:00,44.97
2025-05-21 19:00:00,62.32
2025-05-21 20:00:00,100.17
2025-05-21 21:00:00,101.13
2025-05-21 22:00:00,44.13
2025-05-21 23:00:00,28.86
2025-05-22 00:00:00,24.69
2025-05-22 01:00:00,21.07
2025-05-22 02:00:00,19.24
2025-05-22 03:00:00,17.88
2025-05-22 04:00:00,17.98
2025-05-22 05:00:00,19.21
2025-05-22 06:00:00,22.19
2025-05-22 07:00:00,25.83
2025-05-22 08:00:00,23.21
2025-05-22 09:00:00,18.18
2025-05-22 10:00:00,16.23
2025-05-22 11:00:00,19.38
2025-05-22 12:00:00,23.65
2025-05-22 13:00:00,26.29
2025-05-22 14:00:00,30.52
2025-05-22 15:00:00,32.04
2025-05-22 16:00:00,37.24
2025-05-22 17:00:00,35.99
2025-05-22 18:00:00,36.65
2025-05-22 19:00:00,42.86
2025-05-22 20:00:00,57.36
2025-05-22 21:00:00,56.46
2025-05-22 22:00:00,42.66
2025-05-22 23:00:00,29.9
2025-05-23 00:00:00,26.44
2025-05-23 01:00:00,26.92
2025-05-23 02:00:00,25.13
2025-05-23 03:00:00,23.99
2025-05-23 04:00:00,23.27
2025-05-23 05:00:00,23.59
2025-05-23 06:00:00,26.96
2025-05-23 07:00:00,28.33
2025-05-23 08:00:00,23.14
2025-05-23 09:00:00,16.73
2025-05-23 10:00:00,13.04
2025-05-23 11:00:00,14.83
2025-05-23 12:00:00,16.63
2025-05-23 13:00:00,19.28
2025-05-23 14:00:00,21.0
2025-05-23 15:00:00,22.66
2025-05-23 16:00:00,24.18
2025-05-23 17:00:00,26.02
2025-05-23 18:00:00,26.01
2025-05-23 19:00:00,30.93
2025-05-23 20:00:00,54.97
2025-05-23 21:00:00,53.11
2025-05-23 22:00:00,39.2
2025-05-23 23:00:00,28.85
2025-05-24 00:00:00,25.57
2025-05-24 01:00:00,23.95
2025-05-24 02:00:00,21.91
2025-05-24 03:00:00,20.79
2025-05-24 04:00:00,19.95
2025-05-24 05:00:00,20.38
2025-05-24 06:00:00,21.36
2025-05-24 07:00:00,22.44
2025-05-24 08:00:00,18.8
2025-05-24 09:00:00,14.26
2025-05-24 10:00:00,12.28
2025-05-24 11:00:00,15.04
2025-05-24 12:00:00,18.99
2025-05-24 13:00:00,21.36
2025-05-24 14:00:00,24.77
2025-05-24 15:00:00,28.38
2025-05-24 16:00:00,30.49
2025-05-24 17:00:00,33.58
2025-05-24 18:00:00,32.71
2025-05-24 19:00:00,41.35
2025-05-24 20:00:00,68.09
2025-05-24 21:00:00,56.16
2025-05-24 22:00:00,41.85
2025-05-24 23:00:00,35.8
2025-05-25 00:00:00,26.79
2025-05-25 01:00:00,28.72
2025-05-25 02:00:00,27.05
2025-05-25 03:00:00,26.89
2025-05-25 04:00:00,23.82
2025-05-25 05:00:00,22.28
2025-05-25 06:00:00,22.22
2025-05-25 07:00:00,23.07
2025-05-25 08:00:00,21.16
2025-05-25 09:00:00,16.39
2025-05-25 10:00:00,14.8
2025-05-25 11:00:00,16.39
2025-05-25 12:00:00,20.26
2025-05-25 13:00:00,24.2
2025-05-25 14:00:00,28.57
2025-05-25 15:00:00,31.01
2025-05-25 16:00:00,34.02
2025-05-25 17:00:00,37.57
2025-05-25 18:00:00,41.2
2025-05-25 19:00:00,52.36
2025-05-25 20:00:00,61.17
2025-05-25 21:00:00,66.88
2025-05-25 22:00:00,45.18
2025-05-25 23:00:00,33.24
2025-05-26 00:00:00,26.86
2025-05-26 01:00:00,31.77
2025-05-26 02:00:00,29.79
2025-05-26 03:00:00,28.9
2025-05-26 04:00:00,29.64
2025-05-26 05:00:00,29.93
2025-05-26 06:00:00,30.98
2025-05-26 07:00:00,31.31
2025-05-26 08:00:00,29.33
2025-05-26 09:00:00,26.08
2025-05-26 10:00:00,23.35
2025-05-26 11:00:00,24.95
2025-05-26 12:00:00,26.21
2025-05-26 13:00:00,29.08
2025-05-26 14:00:00,31.64
2025-05-26 15:00:00,34.72
2025-05-26 16:00:00,34.25
2025-05-26 17:00:00,37.97
2025-05-26 18:00:00,38.08
2025-05-26 19:00:00,41.23
2025-05-26 20:00:00,57.49
2025-05-26 21:00:00,54.85
2025-05-26 22:00:00,47.46
2025-05-26 23:00:00,35.84
2025-05-27 00:00:00,30.85
2025-05-27 01:00:00,36.24
2025-05-27 02:00:00,30.93
2025-05-27 03:00:00,30.35
2025-05-27 04:00:00,30.4
2025-05-27 05:00:00,32.14
2025-05-27 06:00:00,33.9
2025-05-27 07:00:00,40.68
2025-05-27 08:00:00,32.02
2025-05-27 09:00:00,27.57
2025-05-27 10:00:00,25.35
2025-05-27 11:00:00,24.67
2025-05-27 12:00:00,24.93
2025-05-27 13:00:00,27.47
2025-05-27 14:00:00,29.88
2025-05-27 15:00:00,31.87
2025-05-27 16:00:00,35.43
2025-05-27 17:00:00,38.55
2025-05-27 18:00:00,41.5
2025-05-27 19:00:00,56.12
2025-05-27 20:00:00,78.3
2025-05-27 21:00:00,74.83
2025-05-27 22:00:00,65.04
2025-05-27 23:00:00,49.96
2025-05-28 00:00:00,38.24
2025-05-28 01:00:00,39.38
2025-05-28 02:00:00,32.74
2025-05-28 03:00:00,30.75
2025-05-28 04:00:00,30.78
2025-05-28 05:00:00,32.67
2025-05-28 06:00:00,37.2
2025-05-28 07:00:00,43.92
2025-05-28 08:00:00,40.73
2025-05-28 09:00:00,41.92
2025-05-28 10:00:00,33.41
2025-05-28 11:00:00,30.43
2025-05-28 12:00:00,29.53
2025-05-28 13:00:00,28.92
2025-05-28 14:00:00,30.73
2025-05-28 15:00:00,30.88
2025-05-28 16:00:00,31.43
2025-05-28 17:00:00,30.95
2025-05-28 18:00:00,34.69
2025-05-28 19:00:00,38.84
2025-05-28 20:00:00,44.96
2025-05-28 21:00:00,51.4
2025-05-28 22:00:00,43.41
2025-05-28 23:00:00,30.53
2025-05-29 00:00:00,26.71
2025-05-29 01:00:00,21.65
2025-05-29 02:00:00,21.37
2025-05-29 03:00:00,21.37
2025-05-29 04:00:00,22.0
2025-05-29 05:00:00,23.36
2025-05-29 06:00:00,26.89
2025-05-29 07:00:00,36.46
2025-05-29 08:00:00,32.74
2025-05-29 09:00:00,25.57
2025-05-29 10:00:00,25.65
2025-05-29 11:00:00,25.96
2025-05-29 12:00:00,28.15
2025-05-29 13:00:00,29.72
2025-05-29 14:00:00,33.24
2025-05-29 15:00:00,35.16
2025-05-29 16:00:00,37.78
2025-05-29 17:00:00,38.73
2025-05-29 18:00:00,36.97
2025-05-29 19:00:00,44.39
2025-05-29 20:00:00,70.07
2025-05-29 21:00:00,58.46
2025-05-29 22:00:00,44.51
2025-05-29 23:00:00,35.81
2025-05-30 00:00:00,34.48
2025-05-30 01:00:00,32.99
2025-05-30 02:00:00,31.36
2025-05-30 03:00:00,29.12
2025-05-30 04:00:00,28.07
2025-05-30 05:00:00,29.14
2025-05-30 06:00:00,31.45
2025-05-30 07:00:00,37.48
2025-05-30 08:00:00,35.09
2025-05-30 09:00:00,33.03
2025-05-30 10:00:00,30.18
2025-05-30 11:00:00,30.53
2025-05-30 12:00:00,33.28
2025-05-30 13:00:00,33.4
2025-05-30 14:00:00,35.38
2025-05-30 15:00:00,38.2
2025-05-30 16:00:00,42.06
2025-05-30 17:00:00,44.09
2025-05-30 18:00:00,54.56
2025-05-30 19:00:00,68.34
2025-05-30 20:00:00,91.03
2025-05-30 21:00:00,89.0
2025-05-30 22:00:00,74.43
2025-05-30 23:00:00,55.9
2025-05-31 00:00:00,42.11
2025-05-31 01:00:00,34.37
2025-05-31 02:00:00,30.96
2025-05-31 03:00:00,29.89
2025-05-31 04:00:00,28.46
2025-05-31 05:00:00,27.28
2025-05-31 06:00:00,25.6
2025-05-31 07:00:00,27.6
2025-05-31 08:00:00,22.86
2025-05-31 09:00:00,19.5
2025-05-31 10:00:00,18.43
2025-05-31 11:00:00,18.57
2025-05-31 12:00:00,19.16
2025-05-31 13:00:00,21.84
2025-05-31 14:00:00,24.39
2025-05-31 15:00:00,27.78
2025-05-31 16:00:00,31.77
2025-05-31 17:00:00,33.75
2025-05-31 18:00:00,37.83
2025-05-31 19:00:00,56.24
2025-05-31 20:00:00,87.99
2025-05-31 21:00:00,96.89
2025-05-31 22:00:00,58.33
2025-05-31 23:00:00,34.26
2025-06-01 00:00:00,27.5
2025-06-01 01:00:00,24.9
2025-06-01 02:00:00,22.95
2025-06-01 03:00:00,21.73
2025-06-01 04:00:00,21.51
2025-06-01 05:00:00,21.48
2025-06-01 06:00:00,21.68
2025-06-01 07:00:00,23.07
2025-06-01 08:00:00,19.88
2025-06-01 09:00:00,15.8
2025-06-01 10:00:00,15.65
2025-06-01 11:00:00,17.62
2025-06-01 12:00:00,21.54
2025-06-01 13:00:00,24.29
2025-06-01 14:00:00,27.49
2025-06-01 15:00:00,31.86
2025-06-01 16:00:00,34.34
2025-06-01 17:00:00,37.9
2025-06-01 18:00:00,42.41
2025-06-01 19:00:00,50.77
2025-06-01 20:00:00,88.52
2025-06-01 21:00:00,81.94
2025-06-01 22:00:00,48.94
2025-06-01 23:00:00,33.8
2025-06-02 00:00:00,27.94
2025-06-02 01:00:00,23.79
2025-06-02 02:00:00,21.47
2025-06-02 03:00:00,21.3
2025-06-02 04:00:00,20.83
2025-06-02 05:00:00,20.96
2025-06-02 06:00:00,23.06
2025-06-02 07:00:00,23.45
2025-06-02 08:00:00,20.71
2025-06-02 09:00:00,16.21
2025-06-02 10:00:00,15.1
2025-06-02 11:00:00,16.4
2025-06-02 12:00:00,17.28
2025-06-02 13:00:00,21.16
2025-06-02 14:00:00,23.23
2025-06-02 15:00:00,23.33
2025-06-02 16:00:00,25.09
2025-06-02 17:00:00,25.09
2025-06-02 18:00:00,26.31
2025-06-02 19:00:00,29.3
2025-06-02 20:00:00,51.63
2025-06-02 21:00:00,64.12
2025-06-02 22:00:00,48.44
2025-06-02 23:00:00,33.54
2025-06-03 00:00:00,26.87
2025-06-03 01:00:00,30.68
2025-06-03 02:00:00,29.04
2025-06-03 03:00:00,26.91
2025-06-03 04:00:00,26.94
2025-06-03 05:00:00,25.89
2025-06-03 06:00:00,28.27
2025-06-03 07:00:00,27.33
2025-06-03 08:00:00,22.04
2025-06-03 09:00:00,17.71
2025-06-03 10:00:00,15.32
2025-06-03 11:00:00,17.79
2025-06-03 12:00:00,19.77
2025-06-03 13:00:00,22.42
2025-06-03 14:00:00,25.18
2025-06-03 15:00:00,25.01
2025-06-03 16:00:00,26.48
2025-06-03 17:00:00,27.46
2025-06-03 18:00:00,28.03
2025-06-03 19:00:00,32.05
2025-06-03 20:00:00,59.69
2025-06-03 21:00:00,66.62
2025-06-03 22:00:00,47.09
2025-06-03 23:00:00,39.99
2025-06-04 00:00:00,34.88
2025-06-04 01:00:00,24.28
2025-06-04 02:00:00,21.68
2025-06-04 03:00:00,21.06
2025-06-04 04:00:00,22.53
2025-06-04 05:00:00,23.83
2025-06-04 06:00:00,25.93
2025-06-04 07:00:00,28.92
2025-06-04 08:00:00,29.7
2025-06-04 09:00:00,28.07
2025-06-04 10:00:00,26.81
2025-06-04 11:00:00,31.0
2025-06-04 12:00:00,33.5
2025-06-04 13:00:00,34.76
2025-06-04 14:00:00,36.1
2025-06-04 15:00:00,38.29
2025-06-04 16:00:00,43.79
2025-06-04 17:00:00,43.61
2025-06-04 18:00:00,51.72
2025-06-04 19:00:00,61.49
2025-06-04 20:00:00,69.47
2025-06-04 21:00:00,75.56
2025-06-04 22:00:00,57.75
2025-06-04 23:00:00,39.89
2025-06-05 00:00:00,31.45
2025-06-05 01:00:00,27.56
2025-06-05 02:00:00,25.88
2025-06-05 03:00:00,24.92
2025-06-05 04:00:00,24.91
2025-06-05 05:00:00,25.73
2025-06-05 06:00:00,28.29
2025-06-05 07:00:00,30.19
2025-06-05 08:00:00,24.96
2025-06-05 09:00:00,20.44
2025-06-05 10:00:00,18.41
2025-06-05 11:00:00,18.48
2025-06-05 12:00:00,18.93
2025-06-05 13:00:00,19.95
2025-06-05 14:00:00,21.88
2025-06-05 15:00:00,23.22
2025-06-05 16:00:00,26.01
2025-06-05 17:00:00,27.92
2025-06-05 18:00:00,30.34
2025-06-05 19:00:00,40.14
2025-06-05 20:00:00,55.6
2025-06-05 21:00:00,57.76
2025-06-05 22:00:00,46.42
2025-06-05 23:00:00,33.89
2025-06-06 00:00:00,26.13
2025-06-06 01:00:00,26.12
2025-06-06 02:00:00,24.39
2025-06-06 03:00:00,22.91
2025-06-06 04:00:00,22.49
2025-06-06 05:00:00,23.31
2025-06-06 06:00:00,26.79
2025-06-06 07:00:00,28.36
2025-06-06 08:00:00,24.11
2025-06-06 09:00:00,17.77
2025-06-06 10:00:00,15.97
2025-06-06 11:00:00,18.22
2025-06-06 12:00:00,21.13
2025-06-06 13:00:00,24.76
2025-06-06 14:00:00,28.36
2025-06-06 15:00:00,30.09
2025-06-06 16:00:00,31.86
2025-06-06 17:00:00,32.25
2025-06-06 18:00:00,31.48
2025-06-06 19:00:00,43.35
2025-06-06 20:00:00,79.54
2025-06-06 21:00:00,73.39
2025-06-06 22:00:00,53.13
2025-06-06 23:00:00,38.05
2025-06-07 00:00:00,29.04
2025-06-07 01:00:00,35.51
2025-06-07 02:00:00,29.21
2025-06-07 03:00:00,27.03
2025-06-07 04:00:00,25.61
2025-06-07 05:00:00,25.1
2025-06-07 06:00:00,24.0
2025-06-07 07:00:00,24.45
2025-06-07 08:00:00,21.82
2025-06-07 09:00:00,16.32
2025-06-07 10:00:00,15.71
2025-06-07 11:00:00,19.72
2025-06-07 12:00:00,24.37
2025-06-07 13:00:00,29.24
2025-06-07 14:00:00,34.65
2025-06-07 15:00:00,40.93
2025-06-07 16:00:00,44.02
2025-06-07 17:00:00,46.17
2025-06-07 18:00:00,47.87
2025-06-07 19:00:00,75.61
2025-06-07 20:00:00,166.28
2025-06-07 21:00:00,188.77
2025-06-07 22:00:00,115.51
2025-06-07 23:00:00,65.29
2025-06-08 00:00:00,48.15
2025-06-08 01:00:00,37.18
2025-06-08 02:00:00,32.53
2025-06-08 03:00:00,29.76
2025-06-08 04:00:00,28.57
2025-06-08 05:00:00,28.15
2025-06-08 06:00:00,27.2
2025-06-08 07:00:00,28.62
2025-06-08 08:00:00,23.2
2025-06-08 09:00:00,17.57
2025-06-08 10:00:00,17.37
2025-06-08 11:00:00,20.33
2025-06-08 12:00:00,23.71
2025-06-08 13:00:00,26.86
2025-06-08 14:00:00,30.05
2025-06-08 15:00:00,34.83
2025-06-08 16:00:00,33.28
2025-06-08 17:00:00,32.91
2025-06-08 18:00:00,31.39
2025-06-08 19:00:00,36.61
2025-06-08 20:00:00,78.16
2025-06-08 21:00:00,85.36
2025-06-08 22:00:00,59.11
2025-06-08 23:00:00,35.19
2025-06-09 00:00:00,28.66
2025-06-09 01:00:00,28.42
2025-06-09 02:00:00,26.11
2025-06-09 03:00:00,27.1
2025-06-09 04:00:00,26.62
2025-06-09 05:00:00,26.31
2025-06-09 06:00:00,28.76
2025-06-09 07:00:00,29.51
2025-06-09 08:00:00,25.19
2025-06-09 09:00:00,20.79
2025-06-09 10:00:00,21.25
2025-06-09 11:00:00,22.52
2025-06-09 12:00:00,23.88
2025-06-09 13:00:00,26.11
2025-06-09 14:00:00,28.3
2025-06-09 15:00:00,32.41
2025-06-09 16:00:00,34.39
2025-06-09 17:00:00,35.7
2025-06-09 18:00:00,41.26
2025-06-09 19:00:00,51.78
2025-06-09 20:00:00,97.25
2025-06-09 21:00:00,99.72
2025-06-09 22:00:00,103.02
2025-06-09 23:00:00,72.43
2025-06-10 00:00:00,55.88
2025-06-10 01:00:00,39.2
2025-06-10 02:00:00,33.32
2025-06-10 03:00:00,30.89
2025-06-10 04:00:00,30.22
2025-06-10 05:00:00,32.31
2025-06-10 06:00:00,38.57
2025-06-10 07:00:00,36.19
2025-06-10 08:00:00,29.24
2025-06-10 09:00:00,22.36
2025-06-10 10:00:00,21.68
2025-06-10 11:00:00,22.6
2025-06-10 12:00:00,23.4
2025-06-10 13:00:00,25.44
2025-06-10 14:00:00,26.45
2025-06-10 15:00:00,27.87
2025-06-10 16:00:00,28.86
2025-06-10 17:00:00,31.94
2025-06-10 18:00:00,36.46
2025-06-10 19:00:00,51.91
2025-06-10 20:00:00,74.69
2025-06-10 21:00:00,71.39
2025-06-10 22:00:00,53.45
2025-06-10 23:00:00,45.78
2025-06-11 00:00:00,34.82
2025-06-11 01:00:00,36.24
2025-06-11 02:00:00,32.8
2025-06-11 03:00:00,30.19
2025-06-11 04:00:00,31.0
2025-06-11 05:00:00,32.78
2025-06-11 06:00:00,37.48
2025-06-11 07:00:00,38.71
2025-06-11 08:00:00,34.46
2025-06-11 09:00:00,32.24
2025-06-11 10:00:00,30.3
2025-06-11 11:00:00,26.78
2025-06-11 12:00:00,24.69
2025-06-11 13:00:00,23.75
2025-06-11 14:00:00,23.96
2025-06-11 15:00:00,25.54
2025-06-11 16:00:00,26.62
2025-06-11 17:00:00,26.04
2025-06-11 18:00:00,30.76
2025-06-11 19:00:00,40.26
2025-06-11 20:00:00,48.56
2025-06-11 21:00:00,58.84
2025-06-11 22:00:00,48.59
2025-06-11 23:00:00,37.32
2025-06-12 00:00:00,29.98
2025-06-12 01:00:00,34.49
2025-06-12 02:00:00,34.12
2025-06-12 03:00:00,32.25
2025-06-12 04:00:00,33.37
2025-06-12 05:00:00,35.04
2025-06-12 06:00:00,39.01
2025-06-12 07:00:00,42.69
2025-06-12 08:00:00,39.47
2025-06-12 09:00:00,31.45
2025-06-12 10:00:00,28.15
2025-06-12 11:00:00,24.8
2025-06-12 12:00:00,23.99
2025-06-12 13:00:00,24.59
2025-06-12 14:00:00,24.01
2025-06-12 15:00:00,26.21
2025-06-12 16:00:00,27.73
2025-06-12 17:00:00,32.99
2025-06-12 18:00:00,33.79
2025-06-12 19:00:00,38.58
2025-06-12 20:00:00,61.37
2025-06-12 21:00:00,63.32
2025-06-12 22:00:00,44.23
2025-06-12 23:00:00,35.96
2025-06-13 00:00:00,30.09
2025-06-13 01:00:00,25.13
2025-06-13 02:00:00,22.99
2025-06-13 03:00:00,21.4
2025-06-13 04:00:00,20.79
2025-06-13 05:00:00,22.04
2025-06-13 06:00:00,24.92
2025-06-13 07:00:00,29.73
2025-06-13 08:00:00,26.46
2025-06-13 09:00:00,19.78
2025-06-13 10:00:00,18.97
2025-06-13 11:00:00,19.71
2025-06-13 12:00:00,21.4
2025-06-13 13:00:00,24.4
2025-06-13 14:00:00,25.81
2025-06-13 15:00:00,30.17
2025-06-13 16:00:00,30.56
2025-06-13 17:00:00,31.74
2025-06-13 18:00:00,34.76
2025-06-13 19:00:00,37.55
2025-06-13 20:00:00,62.41
2025-06-13 21:00:00,66.02
2025-06-13 22:00:00,50.39
2025-06-13 23:00:00,36.17
2025-06-14 00:00:00,28.54
2025-06-14 01:00:00,28.05
2025-06-14 02:00:00,26.41
2025-06-14 03:00:00,25.28
2025-06-14 04:00:00,23.43
2025-06-14 05:00:00,22.05
2025-06-14 06:00:00,23.53
2025-06-14 07:00:00,24.29
2025-06-14 08:00:00,21.75
2025-06-14 09:00:00,17.46
2025-06-14 10:00:00,15.9
2025-06-14 11:00:00,16.84
2025-06-14 12:00:00,18.99
2025-06-14 13:00:00,22.77
2025-06-14 14:00:00,24.19
2025-06-14 15:00:00,25.18
2025-06-14 16:00:00,23.95
2025-06-14 17:00:00,25.62
2025-06-14 18:00:00,26.86
2025-06-14 19:00:00,31.55
2025-06-14 20:00:00,50.02
2025-06-14 21:00:00,59.79
2025-06-14 22:00:00,48.18
2025-06-14 23:00:00,33.9
2025-06-15 00:00:00,25.74
2025-06-15 01:00:00,25.01
2025-06-15 02:00:00,22.56
2025-06-15 03:00:00,21.39
2025-06-15 04:00:00,20.76
2025-06-15 05:00:00,21.45
2025-06-15 06:00:00,22.33
2025-06-15 07:00:00,21.11
2025-06-15 08:00:00,19.4
2025-06-15 09:00:00,14.94
2025-06-15 10:00:00,13.59
2025-06-15 11:00:00,15.74
2025-06-15 12:00:00,18.2
2025-06-15 13:00:00,19.05
2025-06-15 14:00:00,23.49
2025-06-15 15:00:00,22.18
2025-06-15 16:00:00,23.74
2025-06-15 17:00:00,25.38
2025-06-15 18:00:00,29.68
2025-06-15 19:00:00,36.38
2025-06-15 20:00:00,60.6
2025-06-15 21:00:00,66.34
2025-06-15 22:00:00,45.07
2025-06-15 23:00:00,32.0
2025-06-16 00:00:00,25.42
2025-06-16 01:00:00,31.26
2025-06-16 02:00:00,28.29
2025-06-16 03:00:00,26.13
2025-06-16 04:00:00,25.11
2025-06-16 05:00:00,28.31
2025-06-16 06:00:00,34.65
2025-06-16 07:00:00,31.19
2025-06-16 08:00:00,26.47
2025-06-16 09:00:00,18.96
2025-06-16 10:00:00,17.6
2025-06-16 11:00:00,20.94
2025-06-16 12:00:00,24.3
2025-06-16 13:00:00,26.75
2025-06-16 14:00:00,29.73
2025-06-16 15:00:00,31.45
2025-06-16 16:00:00,31.86
2025-06-16 17:00:00,30.29
2025-06-16 18:00:00,30.43
2025-06-16 19:00:00,33.31
2025-06-16 20:00:00,55.53
2025-06-16 21:00:00,61.15
2025-06-16 22:00:00,42.97
2025-06-16 23:00:00,31.54
2025-06-17 00:00:00,23.42
2025-06-17 01:00:00,22.26
2025-06-17 02:00:00,19.99
2025-06-17 03:00:00,18.69
2025-06-17 04:00:00,17.84
2025-06-17 05:00:00,17.61
2025-06-17 06:00:00,19.55
2025-06-17 07:00:00,19.53
2025-06-17 08:00:00,17.86
2025-06-17 09:00:00,11.29
2025-06-17 10:00:00,10.2
2025-06-17 11:00:00,12.49
2025-06-17 12:00:00,14.7
2025-06-17 13:00:00,18.33
2025-06-17 14:00:00,18.32
2025-06-17 15:00:00,19.53
2025-06-17 16:00:00,20.05
2025-06-17 17:00:00,20.59
2025-06-17 18:00:00,20.21
2025-06-17 19:00:00,25.71
2025-06-17 20:00:00,34.29
2025-06-17 21:00:00,42.49
2025-06-17 22:00:00,36.1
2025-06-17 23:00:00,28.39
2025-06-18 00:00:00,23.55
2025-06-18 01:00:00,22.83
2025-06-18 02:00:00,21.0
2025-06-18 03:00:00,18.86
2025-06-18 04:00:00,19.85
2025-06-18 05:00:00,21.1
2025-06-18 06:00:00,23.84
2025-06-18 07:00:00,26.88
2025-06-18 08:00:00,23.7
2025-06-18 09:00:00,17.35
2025-06-18 10:00:00,16.05
2025-06-18 11:00:00,17.13
2025-06-18 12:00:00,19.42
2025-06-18 13:00:00,21.56
2025-06-18 14:00:00,25.88
2025-06-18 15:00:00,28.71
2025-06-18 16:00:00,29.25
2025-06-18 17:00:00,29.31
2025-06-18 18:00:00,30.28
2025-06-18 19:00:00,40.18
2025-06-18 20:00:00,107.08
2025-06-18 21:00:00,121.78
2025-06-18 22:00:00,77.41
2025-06-18 23:00:00,53.15
2025-06-19 00:00:00,34.62
2025-06-19 01:00:00,31.36
2025-06-19 02:00:00,27.08
2025-06-19 03:00:00,24.49
2025-06-19 04:00:00,23.76
2025-06-19 05:00:00,25.73
2025-06-19 06:00:00,29.11
2025-06-19 07:00:00,31.8
2025-06-19 08:00:00,26.85
2025-06-19 09:00:00,20.29
2025-06-19 10:00:00,20.4
2025-06-19 11:00:00,22.51
2025-06-19 12:00:00,26.13
2025-06-19 13:00:00,30.61
2025-06-19 14:00:00,34.29
2025-06-19 15:00:00,34.75
2025-06-19 16:00:00,32.46
2025-06-19 17:00:00,32.62
2025-06-19 18:00:00,31.77
2025-06-19 19:00:00,35.06
2025-06-19 20:00:00,67.38
2025-06-19 21:00:00,84.1
2025-06-19 22:00:00,62.07
2025-06-19 23:00:00,38.86
2025-06-20 00:00:00,29.56
2025-06-20 01:00:00,26.52
2025-06-20 02:00:00,25.54
2025-06-20 03:00:00,25.03
2025-06-20 04:00:00,24.33
2025-06-20 05:00:00,25.13
2025-06-20 06:00:00,26.45
2025-06-20 07:00:00,24.3
2025-06-20 08:00:00,22.17
2025-06-20 09:00:00,16.04
2025-06-20 10:00:00,14.35
2025-06-20 11:00:00,15.91
2025-06-20 12:00:00,19.21
2025-06-20 13:00:00,22.16
2025-06-20 14:00:00,23.31
2025-06-20 15:00:00,22.77
2025-06-20 16:00:00,22.45
2025-06-20 17:00:00,22.0
2025-06-20 18:00:00,22.34
2025-06-20 19:00:00,23.8
2025-06-20 20:00:00,39.7
2025-06-20 21:00:00,40.27
2025-06-20 22:00:00,36.58
2025-06-20 23:00:00,35.49
2025-06-21 00:00:00,26.73
2025-06-21 01:00:00,25.74
2025-06-21 02:00:00,24.21
2025-06-21 03:00:00,23.16
2025-06-21 04:00:00,22.2
2025-06-21 05:00:00,22.84
2025-06-21 06:00:00,23.11
2025-06-21 07:00:00,21.65
2025-06-21 08:00:00,18.82
2025-06-21 09:00:00,13.9
2025-06-21 10:00:00,12.97
2025-06-21 11:00:00,14.92
2025-06-21 12:00:00,19.09
2025-06-21 13:00:00,23.03
2025-06-21 14:00:00,25.08
2025-06-21 15:00:00,21.88
2025-06-21 16:00:00,22.29
2025-06-21 17:00:00,21.04
2025-06-21 18:00:00,21.24
2025-06-21 19:00:00,22.23
2025-06-21 20:00:00,32.59
2025-06-21 21:00:00,35.67
2025-06-21 22:00:00,36.75
2025-06-21 23:00:00,31.08
2025-06-22 00:00:00,26.67
2025-06-22 01:00:00,26.48
2025-06-22 02:00:00,24.39
2025-06-22 03:00:00,22.61
2025-06-22 04:00:00,21.97
2025-06-22 05:00:00,21.89
2025-06-22 06:00:00,21.48
2025-06-22 07:00:00,21.0
2025-06-22 08:00:00,16.87
2025-06-22 09:00:00,14.26
2025-06-22 10:00:00,12.97
2025-06-22 11:00:00,15.27
2025-06-22 12:00:00,18.9
2025-06-22 13:00:00,23.11
2025-06-22 14:00:00,23.36
2025-06-22 15:00:00,23.73
2025-06-22 16:00:00,23.6
2025-06-22 17:00:00,23.91
2025-06-22 18:00:00,21.26
2025-06-22 19:00:00,26.33
2025-06-22 20:00:00,42.37
2025-06-22 21:00:00,47.71
2025-06-22 22:00:00,42.11
2025-06-22 23:00:00,34.71
2025-06-23 00:00:00,27.15
2025-06-23 01:00:00,22.88
2025-06-23 02:00:00,22.25
2025-06-23 03:00:00,21.55
2025-06-23 04:00:00,21.16
2025-06-23 05:00:00,23.39
2025-06-23 06:00:00,26.19
2025-06-23 07:00:00,27.74
2025-06-23 08:00:00,22.53
2025-06-23 09:00:00,16.94
2025-06-23 10:00:00,15.46
2025-06-23 11:00:00,16.74
2025-06-23 12:00:00,19.02
2025-06-23 13:00:00,24.43
2025-06-23 14:00:00,25.7
2025-06-23 15:00:00,24.9
2025-06-23 16:00:00,23.43
2025-06-23 17:00:00,23.61
2025-06-23 18:00:00,23.63
2025-06-23 19:00:00,30.25
2025-06-23 20:00:00,53.35
2025-06-23 21:00:00,57.0
2025-06-23 22:00:00,52.31
2025-06-23 23:00:00,42.48
2025-06-24 00:00:00,34.42
2025-06-24 01:00:00,25.37
2025-06-24 02:00:00,23.44
2025-06-24 03:00:00,22.32
2025-06-24 04:00:00,22.85
2025-06-24 05:00:00,23.79
2025-06-24 06:00:00,28.13
2025-06-24 07:00:00,30.98
2025-06-24 08:00:00,24.78
2025-06-24 09:00:00,19.1
2025-06-24 10:00:00,16.75
2025-06-24 11:00:00,17.42
2025-06-24 12:00:00,19.71
2025-06-24 13:00:00,23.04
2025-06-24 14:00:00,25.2
2025-06-24 15:00:00,26.28
2025-06-24 16:00:00,25.35
2025-06-24 17:00:00,25.6
2025-06-24 18:00:00,26.29
2025-06-24 19:00:00,29.17
2025-06-24 20:00:00,54.22
2025-06-24 21:00:00,66.57
2025-06-24 22:00:00,57.22
2025-06-24 23:00:00,38.9
2025-06-25 00:00:00,30.01
2025-06-25 01:00:00,24.77
2025-06-25 02:00:00,22.35
2025-06-25 03:00:00,22.08
2025-06-25 04:00:00,22.77
2025-06-25 05:00:00,23.52
2025-06-25 06:00:00,27.2
2025-06-25 07:00:00,29.79
2025-06-25 08:00:00,24.94
2025-06-25 09:00:00,18.5
2025-06-25 10:00:00,16.13
2025-06-25 11:00:00,16.98
2025-06-25 12:00:00,19.61
2025-06-25 13:00:00,23.84
2025-06-25 14:00:00,27.46
2025-06-25 15:00:00,29.83
2025-06-25 16:00:00,30.12
2025-06-25 17:00:00,32.61
2025-06-25 18:00:00,30.86
2025-06-25 19:00:00,38.33
2025-06-25 20:00:00,56.13
2025-06-25 21:00:00,60.56
2025-06-25 22:00:00,50.66
2025-06-25 23:00:00,36.77
2025-06-26 00:00:00,29.43
2025-06-26 01:00:00,21.5
2025-06-26 02:00:00,20.83
2025-06-26 03:00:00,19.54
2025-06-26 04:00:00,19.6
2025-06-26 05:00:00,20.63
2025-06-26 06:00:00,22.76
2025-06-26 07:00:00,23.45
2025-06-26 08:00:00,22.49
2025-06-26 09:00:00,18.26
2025-06-26 10:00:00,17.34
2025-06-26 11:00:00,18.67
2025-06-26 12:00:00,21.29
2025-06-26 13:00:00,25.1
2025-06-26 14:00:00,30.8
2025-06-26 15:00:00,31.75
2025-06-26 16:00:00,34.05
2025-06-26 17:00:00,34.2
2025-06-26 18:00:00,33.78
2025-06-26 19:00:00,39.89
2025-06-26 20:00:00,52.63
2025-06-26 21:00:00,59.69
2025-06-26 22:00:00,52.54
2025-06-26 23:00:00,37.64
2025-06-27 00:00:00,30.29
2025-06-27 01:00:00,25.62
2025-06-27 02:00:00,23.53
2025-06-27 03:00:00,22.29
2025-06-27 04:00:00,22.12
2025-06-27 05:00:00,22.45
2025-06-27 06:00:00,22.75
2025-06-27 07:00:00,25.04
2025-06-27 08:00:00,21.3
2025-06-27 09:00:00,17.09
2025-06-27 10:00:00,15.96
2025-06-27 11:00:00,17.95
2025-06-27 12:00:00,21.09
2025-06-27 13:00:00,26.39
2025-06-27 14:00:00,30.81
2025-06-27 15:00:00,29.39
2025-06-27 16:00:00,30.46
2025-06-27 17:00:00,30.03
2025-06-27 18:00:00,30.39
2025-06-27 19:00:00,37.87
2025-06-27 20:00:00,58.93
2025-06-27 21:00:00,68.77
2025-06-27 22:00:00,52.67
2025-06-27 23:00:00,38.73
2025-06-28 00:00:00,30.47
2025-06-28 01:00:00,28.26
2025-06-28 02:00:00,25.4
2025-06-28 03:00:00,23.85
2025-06-28 04:00:00,22.47
2025-06-28 05:00:00,21.95
2025-06-28 06:00:00,21.74
2025-06-28 07:00:00,21.2
2025-06-28 08:00:00,18.34
2025-06-28 09:00:00,13.55
2025-06-28 10:00:00,12.07
2025-06-28 11:00:00,16.03
2025-06-28 12:00:00,20.12
2025-06-28 13:00:00,22.68
2025-06-28 14:00:00,25.1
2025-06-28 15:00:00,25.89
2025-06-28 16:00:00,26.26
2025-06-28 17:00:00,27.28
2025-06-28 18:00:00,28.54
2025-06-28 19:00:00,33.2
2025-06-28 20:00:00,57.74
2025-06-28 21:00:00,67.86
2025-06-28 22:00:00,46.51
2025-06-28 23:00:00,32.55
2025-06-29 00:00:00,28.83
2025-06-29 01:00:00,25.9
2025-06-29 02:00:00,23.16
2025-06-29 03:00:00,21.67
2025-06-29 04:00:00,21.37
2025-06-29 05:00:00,21.24
2025-06-29 06:00:00,21.04
2025-06-29 07:00:00,21.13
2025-06-29 08:00:00,19.09
2025-06-29 09:00:00,15.23
2025-06-29 10:00:00,14.4
2025-06-29 11:00:00,17.5
2025-06-29 12:00:00,20.03
2025-06-29 13:00:00,22.27
2025-06-29 14:00:00,23.99
2025-06-29 15:00:00,25.78
2025-06-29 16:00:00,26.11
2025-06-29 17:00:00,27.84
2025-06-29 18:00:00,30.09
2025-06-29 19:00:00,36.45
2025-06-29 20:00:00,55.27
2025-06-29 21:00:00,65.68
2025-06-29 22:00:00,50.92
2025-06-29 23:00:00,33.2
2025-06-30 00:00:00,27.7
2025-06-30 01:00:00,24.76
2025-06-30 02:00:00,22.83
2025-06-30 03:00:00,21.74
2025-06-30 04:00:00,21.81
2025-06-30 05:00:00,22.64
2025-06-30 06:00:00,25.24
2025-06-30 07:00:00,28.3
2025-06-30 08:00:00,24.02
2025-06-30 09:00:00,20.05
2025-06-30 10:00:00,19.36
2025-06-30 11:00:00,21.4
2025-06-30 12:00:00,24.08
2025-06-30 13:00:00,28.46
2025-06-30 14:00:00,34.96
2025-06-30 15:00:00,34.93
2025-06-30 16:00:00,35.74
2025-06-30 17:00:00,42.08
2025-06-30 18:00:00,42.97
2025-06-30 19:00:00,55.71
2025-06-30 20:00:00,115.64
2025-06-30 21:00:00,93.1
2025-06-30 22:00:00,76.97
2025-06-30 23:00:00,55.76
2025-07-01 00:00:00,45.25
2025-07-01 01:00:00,36.3
2025-07-01 02:00:00,36.88
2025-07-01 03:00:00,34.23
2025-07-01 04:00:00,30.47
2025-07-01 05:00:00,31.73
2025-07-01 06:00:00,34.61
2025-07-01 07:00:00,38.27
2025-07-01 08:00:00,30.06
2025-07-01 09:00:00,25.38
2025-07-01 10:00:00,25.26
2025-07-01 11:00:00,25.56
2025-07-01 12:00:00,28.12
2025-07-01 13:00:00,31.2
2025-07-01 14:00:00,36.99
2025-07-01 15:00:00,40.59
2025-07-01 16:00:00,43.21
2025-07-01 17:00:00,44.01
2025-07-01 18:00:00,45.12
2025-07-01 19:00:00,57.34
2025-07-01 20:00:00,114.21
2025-07-01 21:00:00,108.07
2025-07-01 22:00:00,87.77
2025-07-01 23:00:00,61.91
2025-07-02 00:00:00,47.79
2025-07-02 01:00:00,39.33
2025-07-02 02:00:00,35.61
2025-07-02 03:00:00,34.62
2025-07-02 04:00:00,31.91
2025-07-02 05:00:00,33.46
2025-07-02 06:00:00,34.56
2025-07-02 07:00:00,39.5
2025-07-02 08:00:00,34.12
2025-07-02 09:00:00,31.44
2025-07-02 10:00:00,29.74
2025-07-02 11:00:00,28.73
2025-07-02 12:00:00,30.98
2025-07-02 13:00:00,30.42
2025-07-02 14:00:00,35.82
2025-07-02 15:00:00,34.66
2025-07-02 16:00:00,38.35
2025-07-02 17:00:00,38.22
2025-07-02 18:00:00,40.53
2025-07-02 19:00:00,49.24
2025-07-02 20:00:00,63.81
2025-07-02 21:00:00,64.63
2025-07-02 22:00:00,58.65
2025-07-02 23:00:00,42.58
2025-07-03 00:00:00,35.53
2025-07-03 01:00:00,34.88
2025-07-03 02:00:00,31.32
2025-07-03 03:00:00,29.92
2025-07-03 04:00:00,29.33
2025-07-03 05:00:00,29.83
2025-07-03 06:00:00,31.35
2025-07-03 07:00:00,32.51
2025-07-03 08:00:00,29.54
2025-07-03 09:00:00,28.6
2025-07-03 10:00:00,29.28
2025-07-03 11:00:00,30.79
2025-07-03 12:00:00,30.06
2025-07-03 13:00:00,32.07
2025-07-03 14:00:00,33.33
2025-07-03 15:00:00,34.08
2025-07-03 16:00:00,32.85
2025-07-03 17:00:00,33.11
2025-07-03 18:00:00,35.62
2025-07-03 19:00:00,36.97
2025-07-03 20:00:00,43.67
2025-07-03 21:00:00,49.52
2025-07-03 22:00:00,42.19
2025-07-03 23:00:00,36.5
2025-07-04 00:00:00,31.65
2025-07-04 01:00:00,29.89
2025-07-04 02:00:00,28.06
2025-07-04 03:00:00,26.92
2025-07-04 04:00:00,26.16
2025-07-04 05:00:00,26.55
2025-07-04 06:00:00,26.71
2025-07-04 07:00:00,27.71
2025-07-04 08:00:00,26.04
2025-07-04 09:00:00,25.73
2025-07-04 10:00:00,25.53
2025-07-04 11:00:00,24.95
2025-07-04 12:00:00,25.53
2025-07-04 13:00:00,26.46
2025-07-04 14:00:00,25.76
2025-07-04 15:00:00,26.3
2025-07-04 16:00:00,24.42
2025-07-04 17:00:00,24.92
2025-07-04 18:00:00,24.98
2025-07-04 19:00:00,28.35
2025-07-04 20:00:00,37.26
2025-07-04 21:00:00,40.03
2025-07-04 22:00:00,37.16
2025-07-04 23:00:00,29.81
2025-07-05 00:00:00,25.85
2025-07-05 01:00:00,26.65
2025-07-05 02:00:00,24.4
2025-07-05 03:00:00,23.71
2025-07-05 04:00:00,22.89
2025-07-05 05:00:00,24.06
2025-07-05 06:00:00,24.91
2025-07-05 07:00:00,25.76
2025-07-05 08:00:00,23.08
2025-07-05 09:00:00,20.38
2025-07-05 10:00:00,21.55
2025-07-05 11:00:00,22.98
2025-07-05 12:00:00,23.83
2025-07-05 13:00:00,25.77
2025-07-05 14:00:00,26.3
2025-07-05 15:00:00,25.77
2025-07-05 16:00:00,25.97
2025-07-05 17:00:00,25.88
2025-07-05 18:00:00,24.92
2025-07-05 19:00:00,30.56
2025-07-05 20:00:00,45.5
2025-07-05 21:00:00,52.65
2025-07-05 22:00:00,45.07
2025-07-05 23:00:00,41.16
2025-07-06 00:00:00,38.98
2025-07-06 01:00:00,38.13
2025-07-06 02:00:00,35.88
2025-07-06 03:00:00,33.29
2025-07-06 04:00:00,30.34
2025-07-06 05:00:00,31.15
2025-07-06 06:00:00,32.06
2025-07-06 07:00:00,30.65
2025-07-06 08:00:00,26.83
2025-07-06 09:00:00,21.98
2025-07-06 10:00:00,21.04
2025-07-06 11:00:00,21.03
2025-07-06 12:00:00,21.71
2025-07-06 13:00:00,24.83
2025-07-06 14:00:00,24.38
2025-07-06 15:00:00,25.56
2025-07-06 16:00:00,25.19
2025-07-06 17:00:00,26.17
2025-07-06 18:00:00,30.07
2025-07-06 19:00:00,36.73
2025-07-06 20:00:00,57.51
2025-07-06 21:00:00,60.0
2025-07-06 22:00:00,50.15
2025-07-06 23:00:00,47.35
2025-07-07 00:00:00,36.77
2025-07-07 01:00:00,32.96
2025-07-07 02:00:00,29.29
2025-07-07 03:00:00,27.87
2025-07-07 04:00:00,28.23
2025-07-07 05:00:00,29.43
2025-07-07 06:00:00,31.94
2025-07-07 07:00:00,38.07
2025-07-07 08:00:00,30.9
2025-07-07 09:00:00,25.95
2025-07-07 10:00:00,23.92
2025-07-07 11:00:00,25.44
2025-07-07 12:00:00,28.95
2025-07-07 13:00:00,32.44
2025-07-07 14:00:00,34.76
2025-07-07 15:00:00,34.29
2025-07-07 16:00:00,32.48
2025-07-07 17:00:00,32.1
2025-07-07 18:00:00,32.82
2025-07-07 19:00:00,38.52
2025-07-07 20:00:00,57.14
2025-07-07 21:00:00,67.56
2025-07-07 22:00:00,48.76
2025-07-07 23:00:00,40.41
2025-07-08 00:00:00,32.6
2025-07-08 01:00:00,26.27
2025-07-08 02:00:00,23.79
2025-07-08 03:00:00,24.06
2025-07-08 04:00:00,23.73
2025-07-08 05:00:00,24.34
2025-07-08 06:00:00,26.73
2025-07-08 07:00:00,31.07
2025-07-08 08:00:00,25.74
2025-07-08 09:00:00,19.88
2025-07-08 10:00:00,18.52
2025-07-08 11:00:00,22.03
2025-07-08 12:00:00,25.24
2025-07-08 13:00:00,28.75
2025-07-08 14:00:00,32.67
2025-07-08 15:00:00,34.71
2025-07-08 16:00:00,34.66
2025-07-08 17:00:00,37.11
2025-07-08 18:00:00,36.24
2025-07-08 19:00:00,39.56
2025-07-08 20:00:00,59.27
2025-07-08 21:00:00,71.4
2025-07-08 22:00:00,47.54
2025-07-08 23:00:00,37.95
2025-07-09 00:00:00,28.53
2025-07-09 01:00:00,24.49
2025-07-09 02:00:00,26.29
2025-07-09 03:00:00,24.8
2025-07-09 04:00:00,24.62
2025-07-09 05:00:00,25.74
2025-07-09 06:00:00,28.81
2025-07-09 07:00:00,29.32
2025-07-09 08:00:00,25.55
2025-07-09 09:00:00,21.43
2025-07-09 10:00:00,21.72
2025-07-09 11:00:00,22.53
2025-07-09 12:00:00,24.87
2025-07-09 13:00:00,30.19
2025-07-09 14:00:00,33.43
2025-07-09 15:00:00,33.1
2025-07-09 16:00:00,35.73
2025-07-09 17:00:00,34.62
2025-07-09 18:00:00,34.97
2025-07-09 19:00:00,38.92
2025-07-09 20:00:00,53.49
2025-07-09 21:00:00,50.57
2025-07-09 22:00:00,39.12
2025-07-09 23:00:00,31.9
2025-07-10 00:00:00,26.28
2025-07-10 01:00:00,25.5
2025-07-10 02:00:00,23.12
2025-07-10 03:00:00,22.4
2025-07-10 04:00:00,22.18
2025-07-10 05:00:00,21.65
2025-07-10 06:00:00,23.42
2025-07-10 07:00:00,25.71
2025-07-10 08:00:00,21.64
2025-07-10 09:00:00,17.08
2025-07-10 10:00:00,15.88
2025-07-10 11:00:00,18.5
2025-07-10 12:00:00,21.44
2025-07-10 13:00:00,24.35
2025-07-10 14:00:00,26.78
2025-07-10 15:00:00,25.83
2025-07-10 16:00:00,26.25
2025-07-10 17:00:00,27.26
2025-07-10 18:00:00,26.11
2025-07-10 19:00:00,26.51
2025-07-10 20:00:00,46.19
2025-07-10 21:00:00,54.49
2025-07-10 22:00:00,42.36
2025-07-10 23:00:00,31.84
2025-07-11 00:00:00,25.9
2025-07-11 01:00:00,23.36
2025-07-11 02:00:00,21.13
2025-07-11 03:00:00,19.91
2025-07-11 04:00:00,19.37
2025-07-11 05:00:00,19.83
2025-07-11 06:00:00,22.22
2025-07-11 07:00:00,23.0
2025-07-11 08:00:00,20.31
2025-07-11 09:00:00,14.12
2025-07-11 10:00:00,12.24
2025-07-11 11:00:00,15.85
2025-07-11 12:00:00,17.11
2025-07-11 13:00:00,19.18
2025-07-11 14:00:00,21.09
2025-07-11 15:00:00,22.17
2025-07-11 16:00:00,22.51
2025-07-11 17:00:00,22.16
2025-07-11 18:00:00,23.02
2025-07-11 19:00:00,26.07
2025-07-11 20:00:00,44.7
2025-07-11 21:00:00,53.89
2025-07-11 22:00:00,41.37
2025-07-11 23:00:00,35.83
2025-07-12 00:00:00,26.68
2025-07-12 01:00:00,27.06
2025-07-12 02:00:00,25.32
2025-07-12 03:00:00,24.21
2025-07-12 04:00:00,23.95
2025-07-12 05:00:00,24.9
2025-07-12 06:00:00,26.27
2025-07-12 07:00:00,25.6
2025-07-12 08:00:00,23.86
2025-07-12 09:00:00,20.35
2025-07-12 10:00:00,18.69
2025-07-12 11:00:00,20.71
2025-07-12 12:00:00,23.76
2025-07-12 13:00:00,25.72
2025-07-12 14:00:00,30.28
2025-07-12 15:00:00,34.72
2025-07-12 16:00:00,35.7
2025-07-12 17:00:00,37.53
2025-07-12 18:00:00,41.94
2025-07-12 19:00:00,47.55
2025-07-12 20:00:00,65.07
2025-07-12 21:00:00,68.59
2025-07-12 22:00:00,58.6
2025-07-12 23:00:00,43.45
2025-07-13 00:00:00,39.94
2025-07-13 01:00:00,44.03
2025-07-13 02:00:00,37.07
2025-07-13 03:00:00,33.9
2025-07-13 04:00:00,31.17
2025-07-13 05:00:00,30.18
2025-07-13 06:00:00,30.59
2025-07-13 07:00:00,30.14
2025-07-13 08:00:00,28.18
2025-07-13 09:00:00,25.29
2025-07-13 10:00:00,25.1
2025-07-13 11:00:00,24.78
2025-07-13 12:00:00,25.51
2025-07-13 13:00:00,29.08
2025-07-13 14:00:00,31.44
2025-07-13 15:00:00,35.4
2025-07-13 16:00:00,37.17
2025-07-13 17:00:00,40.14
2025-07-13 18:00:00,43.49
2025-07-13 19:00:00,53.27
2025-07-13 20:00:00,79.97
2025-07-13 21:00:00,79.92
2025-07-13 22:00:00,67.95
2025-07-13 23:00:00,50.84
2025-07-14 00:00:00,41.85
2025-07-14 01:00:00,31.76
2025-07-14 02:00:00,32.18
2025-07-14 03:00:00,29.99
2025-07-14 04:00:00,31.8
2025-07-14 05:00:00,34.14
2025-07-14 06:00:00,37.46
2025-07-14 07:00:00,42.84
2025-07-14 08:00:00,38.55
2025-07-14 09:00:00,31.01
2025-07-14 10:00:00,28.8
2025-07-14 11:00:00,29.66
2025-07-14 12:00:00,33.41
2025-07-14 13:00:00,41.71
2025-07-14 14:00:00,43.01
2025-07-14 15:00:00,44.42
2025-07-14 16:00:00,47.73
2025-07-14 17:00:00,49.19
2025-07-14 18:00:00,54.83
2025-07-14 19:00:00,61.12
2025-07-14 20:00:00,78.38
2025-07-14 21:00:00,80.25
2025-07-14 22:00:00,56.2
2025-07-14 23:00:00,42.33
2025-07-15 00:00:00,30.41
2025-07-15 01:00:00,29.4
2025-07-15 02:00:00,26.83
2025-07-15 03:00:00,25.22
2025-07-15 04:00:00,25.06
2025-07-15 05:00:00,24.56
2025-07-15 06:00:00,25.5
2025-07-15 07:00:00,28.37
2025-07-15 08:00:00,25.06
2025-07-15 09:00:00,19.3
2025-07-15 10:00:00,17.95
2025-07-15 11:00:00,19.06
2025-07-15 12:00:00,21.79
2025-07-15 13:00:00,25.84
2025-07-15 14:00:00,26.32
2025-07-15 15:00:00,28.28
2025-07-15 16:00:00,28.58
2025-07-15 17:00:00,31.04
2025-07-15 18:00:00,33.01
2025-07-15 19:00:00,39.41
2025-07-15 20:00:00,53.9
2025-07-15 21:00:00,60.86
2025-07-15 22:00:00,51.67
2025-07-15 23:00:00,39.58
2025-07-16 00:00:00,30.44
2025-07-16 01:00:00,27.05
2025-07-16 02:00:00,25.78
2025-07-16 03:00:00,23.98
2025-07-16 04:00:00,22.81
2025-07-16 05:00:00,23.49
2025-07-16 06:00:00,25.62
2025-07-16 07:00:00,25.97
2025-07-16 08:00:00,22.58
2025-07-16 09:00:00,17.24
2025-07-16 10:00:00,14.7
2025-07-16 11:00:00,16.42
2025-07-16 12:00:00,18.86
2025-07-16 13:00:00,22.03
2025-07-16 14:00:00,25.63
2025-07-16 15:00:00,26.87
2025-07-16 16:00:00,28.73
2025-07-16 17:00:00,30.77
2025-07-16 18:00:00,29.79
2025-07-16 19:00:00,36.94
2025-07-16 20:00:00,58.72
2025-07-16 21:00:00,73.85
2025-07-16 22:00:00,55.41
2025-07-16 23:00:00,42.44
2025-07-17 00:00:00,36.37
2025-07-17 01:00:00,28.02
2025-07-17 02:00:00,25.72
2025-07-17 03:00:00,24.11
2025-07-17 04:00:00,23.55
2025-07-17 05:00:00,24.31
2025-07-17 06:00:00,26.78
2025-07-17 07:00:00,30.68
2025-07-17 08:00:00,23.27
2025-07-17 09:00:00,18.58
2025-07-17 10:00:00,18.37
2025-07-17 11:00:00,21.17
2025-07-17 12:00:00,24.47
2025-07-17 13:00:00,28.59
2025-07-17 14:00:00,32.81
2025-07-17 15:00:00,33.92
2025-07-17 16:00:00,34.43
2025-07-17 17:00:00,34.3
2025-07-17 18:00:00,34.44
2025-07-17 19:00:00,41.14
2025-07-17 20:00:00,69.77
2025-07-17 21:00:00,90.63
2025-07-17 22:00:00,65.7
2025-07-17 23:00:00,38.95
2025-07-18 00:00:00,32.1
2025-07-18 01:00:00,31.28
2025-07-18 02:00:00,27.4
2025-07-18 03:00:00,24.88
2025-07-18 04:00:00,24.43
2025-07-18 05:00:00,23.95
2025-07-18 06:00:00,25.3
2025-07-18 07:00:00,27.45
2025-07-18 08:00:00,23.86
2025-07-18 09:00:00,20.01
2025-07-18 10:00:00,19.19
2025-07-18 11:00:00,20.27
2025-07-18 12:00:00,22.75
2025-07-18 13:00:00,26.44
2025-07-18 14:00:00,29.38
2025-07-18 15:00:00,29.86
2025-07-18 16:00:00,31.6
2025-07-18 17:00:00,34.11
2025-07-18 18:00:00,32.57
2025-07-18 19:00:00,35.2
2025-07-18 20:00:00,52.35
2025-07-18 21:00:00,61.56
2025-07-18 22:00:00,45.42
2025-07-18 23:00:00,36.69
2025-07-19 00:00:00,30.23
2025-07-19 01:00:00,25.52
2025-07-19 02:00:00,23.76
2025-07-19 03:00:00,22.76
2025-07-19 04:00:00,21.85
2025-07-19 05:00:00,21.18
2025-07-19 06:00:00,21.59
2025-07-19 07:00:00,21.25
2025-07-19 08:00:00,18.97
2025-07-19 09:00:00,14.77
2025-07-19 10:00:00,13.63
2025-07-19 11:00:00,15.44
2025-07-19 12:00:00,18.59
2025-07-19 13:00:00,21.12
2025-07-19 14:00:00,24.59
2025-07-19 15:00:00,24.43
2025-07-19 16:00:00,27.03
2025-07-19 17:00:00,26.92
2025-07-19 18:00:00,28.27
2025-07-19 19:00:00,31.56
2025-07-19 20:00:00,47.32
2025-07-19 21:00:00,55.94
2025-07-19 22:00:00,47.07
2025-07-19 23:00:00,32.46
2025-07-20 00:00:00,27.23
2025-07-20 01:00:00,26.04
2025-07-20 02:00:00,24.65
2025-07-20 03:00:00,22.93
2025-07-20 04:00:00,22.16
2025-07-20 05:00:00,21.83
2025-07-20 06:00:00,20.73
2025-07-20 07:00:00,20.6
2025-07-20 08:00:00,17.58
2025-07-20 09:00:00,11.72
2025-07-20 10:00:00,10.69
2025-07-20 11:00:00,13.96
2025-07-20 12:00:00,16.96
2025-07-20 13:00:00,20.61
2025-07-20 14:00:00,23.23
2025-07-20 15:00:00,24.36
2025-07-20 16:00:00,25.71
2025-07-20 17:00:00,28.43
2025-07-20 18:00:00,28.78
2025-07-20 19:00:00,34.74
2025-07-20 20:00:00,51.36
2025-07-20 21:00:00,53.12
2025-07-20 22:00:00,46.62
2025-07-20 23:00:00,34.15
2025-07-21 00:00:00,27.55
2025-07-21 01:00:00,27.28
2025-07-21 02:00:00,24.69
2025-07-21 03:00:00,22.42
2025-07-21 04:00:00,21.96
2025-07-21 05:00:00,22.55
2025-07-21 06:00:00,24.6
2025-07-21 07:00:00,23.96
2025-07-21 08:00:00,22.61
2025-07-21 09:00:00,15.99
2025-07-21 10:00:00,13.48
2025-07-21 11:00:00,15.97
2025-07-21 12:00:00,19.46
2025-07-21 13:00:00,24.32
2025-07-21 14:00:00,27.65
2025-07-21 15:00:00,29.17
2025-07-21 16:00:00,28.35
2025-07-21 17:00:00,28.23
2025-07-21 18:00:00,28.7
2025-07-21 19:00:00,39.39
2025-07-21 20:00:00,63.22
2025-07-21 21:00:00,69.85
2025-07-21 22:00:00,52.55
2025-07-21 23:00:00,44.28
2025-07-22 00:00:00,31.42
2025-07-22 01:00:00,27.0
2025-07-22 02:00:00,24.14
2025-07-22 03:00:00,23.69
2025-07-22 04:00:00,22.11
2025-07-22 05:00:00,22.11
2025-07-22 06:00:00,23.62
2025-07-22 07:00:00,25.07
2025-07-22 08:00:00,21.78
2025-07-22 09:00:00,18.0
2025-07-22 10:00:00,15.48
2025-07-22 11:00:00,16.86
2025-07-22 12:00:00,19.8
2025-07-22 13:00:00,24.56
2025-07-22 14:00:00,26.75
2025-07-22 15:00:00,26.97
2025-07-22 16:00:00,29.19
2025-07-22 17:00:00,29.38
2025-07-22 18:00:00,30.44
2025-07-22 19:00:00,35.87
2025-07-22 20:00:00,60.77
2025-07-22 21:00:00,61.74
2025-07-22 22:00:00,56.2
2025-07-22 23:00:00,38.78
2025-07-23 00:00:00,31.7
2025-07-23 01:00:00,28.93
2025-07-23 02:00:00,27.1
2025-07-23 03:00:00,25.04
2025-07-23 04:00:00,23.87
2025-07-23 05:00:00,23.52
2025-07-23 06:00:00,25.24
2025-07-23 07:00:00,25.86
2025-07-23 08:00:00,22.84
2025-07-23 09:00:00,17.49
2025-07-23 10:00:00,15.3
2025-07-23 11:00:00,16.28
2025-07-23 12:00:00,19.44
2025-07-23 13:00:00,23.16
2025-07-23 14:00:00,25.0
2025-07-23 15:00:00,26.77
2025-07-23 16:00:00,27.95
2025-07-23 17:00:00,28.34
2025-07-23 18:00:00,28.17
2025-07-23 19:00:00,34.38
2025-07-23 20:00:00,66.66
2025-07-23 21:00:00,78.35
2025-07-23 22:00:00,52.32
2025-07-23 23:00:00,40.82
2025-07-24 00:00:00,30.54
2025-07-24 01:00:00,25.34
2025-07-24 02:00:00,22.87
2025-07-24 03:00:00,21.72
2025-07-24 04:00:00,21.3
2025-07-24 05:00:00,21.01
2025-07-24 06:00:00,21.52
2025-07-24 07:00:00,23.94
2025-07-24 08:00:00,21.42
2025-07-24 09:00:00,16.0
2025-07-24 10:00:00,15.29
2025-07-24 11:00:00,17.31
2025-07-24 12:00:00,23.66
2025-07-24 13:00:00,30.78
2025-07-24 14:00:00,37.58
2025-07-24 15:00:00,43.51
2025-07-24 16:00:00,42.98
2025-07-24 17:00:00,43.69
2025-07-24 18:00:00,46.41
2025-07-24 19:00:00,60.67
2025-07-24 20:00:00,117.32
2025-07-24 21:00:00,129.61
2025-07-24 22:00:00,83.39
2025-07-24 23:00:00,48.32
2025-07-25 00:00:00,36.47
2025-07-25 01:00:00,30.56
2025-07-25 02:00:00,28.95
2025-07-25 03:00:00,26.1
2025-07-25 04:00:00,26.6
2025-07-25 05:00:00,29.05
2025-07-25 06:00:00,32.67
2025-07-25 07:00:00,34.68
2025-07-25 08:00:00,29.97
2025-07-25 09:00:00,23.8
2025-07-25 10:00:00,22.17
2025-07-25 11:00:00,25.58
2025-07-25 12:00:00,31.51
2025-07-25 13:00:00,39.03
2025-07-25 14:00:00,41.26
2025-07-25 15:00:00,48.05
2025-07-25 16:00:00,51.11
2025-07-25 17:00:00,61.63
2025-07-25 18:00:00,69.43
2025-07-25 19:00:00,75.06
2025-07-25 20:00:00,125.92
2025-07-25 21:00:00,108.33
2025-07-25 22:00:00,65.0
2025-07-25 23:00:00,48.36
2025-07-26 00:00:00,37.27
2025-07-26 01:00:00,28.33
2025-07-26 02:00:00,25.68
2025-07-26 03:00:00,24.7
2025-07-26 04:00:00,24.66
2025-07-26 05:00:00,24.29
2025-07-26 06:00:00,24.43
2025-07-26 07:00:00,22.6
2025-07-26 08:00:00,20.46
2025-07-26 09:00:00,18.76
2025-07-26 10:00:00,18.84
2025-07-26 11:00:00,20.21
2025-07-26 12:00:00,24.78
2025-07-26 13:00:00,31.72
2025-07-26 14:00:00,36.81
2025-07-26 15:00:00,37.75
2025-07-26 16:00:00,41.86
2025-07-26 17:00:00,41.29
2025-07-26 18:00:00,40.4
2025-07-26 19:00:00,43.04
2025-07-26 20:00:00,49.47
2025-07-26 21:00:00,44.38
2025-07-26 22:00:00,33.88
2025-07-26 23:00:00,28.28
2025-07-27 00:00:00,23.96
2025-07-27 01:00:00,24.12
2025-07-27 02:00:00,22.99
2025-07-27 03:00:00,22.37
2025-07-27 04:00:00,21.62
2025-07-27 05:00:00,22.34
2025-07-27 06:00:00,22.34
2025-07-27 07:00:00,21.23
2025-07-27 08:00:00,19.81
2025-07-27 09:00:00,15.54
2025-07-27 10:00:00,13.42
2025-07-27 11:00:00,15.84
2025-07-27 12:00:00,17.83
2025-07-27 13:00:00,21.24
2025-07-27 14:00:00,21.94
2025-07-27 15:00:00,22.39
2025-07-27 16:00:00,23.92
2025-07-27 17:00:00,26.19
2025-07-27 18:00:00,28.04
2025-07-27 19:00:00,33.66
2025-07-27 20:00:00,47.39
2025-07-27 21:00:00,53.09
2025-07-27 22:00:00,42.82
2025-07-27 23:00:00,32.2
2025-07-28 00:00:00,26.59
2025-07-28 01:00:00,25.85
2025-07-28 02:00:00,24.18
2025-07-28 03:00:00,22.45
2025-07-28 04:00:00,21.88
2025-07-28 05:00:00,22.93
2025-07-28 06:00:00,24.77
2025-07-28 07:00:00,26.93
2025-07-28 08:00:00,24.89
2025-07-28 09:00:00,17.63
2025-07-28 10:00:00,15.84
2025-07-28 11:00:00,17.44
2025-07-28 12:00:00,21.61
2025-07-28 13:00:00,25.32
2025-07-28 14:00:00,28.79
2025-07-28 15:00:00,28.22
2025-07-28 16:00:00,28.75
2025-07-28 17:00:00,31.63
2025-07-28 18:00:00,31.27
2025-07-28 19:00:00,36.72
2025-07-28 20:00:00,71.15
2025-07-28 21:00:00,90.57
2025-07-28 22:00:00,56.41
2025-07-28 23:00:00,43.53
2025-07-29 00:00:00,33.1
2025-07-29 01:00:00,25.33
2025-07-29 02:00:00,23.37
2025-07-29 03:00:00,21.82
2025-07-29 04:00:00,21.42
2025-07-29 05:00:00,21.79
2025-07-29 06:00:00,22.85
2025-07-29 07:00:00,23.58
2025-07-29 08:00:00,20.53
2025-07-29 09:00:00,16.16
2025-07-29 10:00:00,14.44
2025-07-29 11:00:00,16.85
2025-07-29 12:00:00,21.39
2025-07-29 13:00:00,27.08
2025-07-29 14:00:00,32.57
2025-07-29 15:00:00,34.33
2025-07-29 16:00:00,36.24
2025-07-29 17:00:00,38.09
2025-07-29 18:00:00,41.21
2025-07-29 19:00:00,50.96
2025-07-29 20:00:00,95.19
2025-07-29 21:00:00,135.9
2025-07-29 22:00:00,83.62
2025-07-29 23:00:00,48.95
2025-07-30 00:00:00,36.82
2025-07-30 01:00:00,29.15
2025-07-30 02:00:00,25.93
2025-07-30 03:00:00,23.46
2025-07-30 04:00:00,21.77
2025-07-30 05:00:00,22.15
2025-07-30 06:00:00,24.43
2025-07-30 07:00:00,25.65
2025-07-30 08:00:00,23.19
2025-07-30 09:00:00,18.85
2025-07-30 10:00:00,19.47
2025-07-30 11:00:00,21.32
2025-07-30 12:00:00,26.23
2025-07-30 13:00:00,33.46
2025-07-30 14:00:00,43.58
2025-07-30 15:00:00,49.84
2025-07-30 16:00:00,61.32
2025-07-30 17:00:00,80.21
2025-07-30 18:00:00,73.69
2025-07-30 19:00:00,140.59
2025-07-30 20:00:00,479.89
2025-07-30 21:00:00,481.7
2025-07-30 22:00:00,380.2
2025-07-30 23:00:00,84.09
2025-07-31 00:00:00,45.32
2025-07-31 01:00:00,31.44
2025-07-31 02:00:00,27.19
2025-07-31 03:00:00,24.4
2025-07-31 04:00:00,24.18
2025-07-31 05:00:00,24.39
2025-07-31 06:00:00,26.87
2025-07-31 07:00:00,26.47
2025-07-31 08:00:00,25.62
2025-07-31 09:00:00,20.84
2025-07-31 10:00:00,19.4
2025-07-31 11:00:00,22.14
2025-07-31 12:00:00,25.88
2025-07-31 13:00:00,32.68
2025-07-31 14:00:00,40.26
2025-07-31 15:00:00,43.42
2025-07-31 16:00:00,48.85
2025-07-31 17:00:00,60.29
2025-07-31 18:00:00,58.78
2025-07-31 19:00:00,105.07
2025-07-31 20:00:00,200.56
2025-07-31 21:00:00,188.75
2025-07-31 22:00:00,95.42
2025-07-31 23:00:00,66.23
2025-08-01 00:00:00,44.61
2025-08-01 01:00:00,37.45
2025-08-01 02:00:00,35.1
2025-08-01 03:00:00,34.65
2025-08-01 04:00:00,30.29
2025-08-01 05:00:00,30.75
2025-08-01 06:00:00,34.69
2025-08-01 07:00:00,37.08
2025-08-01 08:00:00,31.0
2025-08-01 09:00:00,24.25
2025-08-01 10:00:00,22.37
2025-08-01 11:00:00,25.1
2025-08-01 12:00:00,28.94
2025-08-01 13:00:00,34.86
2025-08-01 14:00:00,41.31
2025-08-01 15:00:00,47.03
2025-08-01 16:00:00,49.65
2025-08-01 17:00:00,50.93
2025-08-01 18:00:00,57.09
2025-08-01 19:00:00,82.44
2025-08-01 20:00:00,112.13
2025-08-01 21:00:00,107.29
2025-08-01 22:00:00,74.78
2025-08-01 23:00:00,71.3
2025-08-02 00:00:00,55.76
2025-08-02 01:00:00,38.83
2025-08-02 02:00:00,37.34
2025-08-02 03:00:00,36.37
2025-08-02 04:00:00,35.72
2025-08-02 05:00:00,35.87
2025-08-02 06:00:00,36.05
2025-08-02 07:00:00,38.54
2025-08-02 08:00:00,34.66
2025-08-02 09:00:00,25.76
2025-08-02 10:00:00,24.18
2025-08-02 11:00:00,25.26
2025-08-02 12:00:00,28.27
2025-08-02 13:00:00,31.79
2025-08-02 14:00:00,37.19
2025-08-02 15:00:00,41.12
2025-08-02 16:00:00,42.26
2025-08-02 17:00:00,40.56
2025-08-02 18:00:00,41.96
2025-08-02 19:00:00,58.66
2025-08-02 20:00:00,79.56
2025-08-02 21:00:00,70.07
2025-08-02 22:00:00,57.85
2025-08-02 23:00:00,39.81
2025-08-03 00:00:00,31.77
2025-08-03 01:00:00,26.26
2025-08-03 02:00:00,25.56
2025-08-03 03:00:00,24.39
2025-08-03 04:00:00,24.26
2025-08-03 05:00:00,22.28
2025-08-03 06:00:00,23.61
2025-08-03 07:00:00,24.44
2025-08-03 08:00:00,21.74
2025-08-03 09:00:00,17.47
2025-08-03 10:00:00,16.71
2025-08-03 11:00:00,17.93
2025-08-03 12:00:00,21.07
2025-08-03 13:00:00,25.47
2025-08-03 14:00:00,29.92
2025-08-03 15:00:00,34.01
2025-08-03 16:00:00,36.08
2025-08-03 17:00:00,44.24
2025-08-03 18:00:00,46.44
2025-08-03 19:00:00,61.7
2025-08-03 20:00:00,84.88
2025-08-03 21:00:00,84.83
2025-08-03 22:00:00,45.81
2025-08-03 23:00:00,38.63
2025-08-04 00:00:00,32.59
2025-08-04 01:00:00,24.84
2025-08-04 02:00:00,24.56
2025-08-04 03:00:00,23.72
2025-08-04 04:00:00,24.6
2025-08-04 05:00:00,26.55
2025-08-04 06:00:00,29.71
2025-08-04 07:00:00,32.86
2025-08-04 08:00:00,30.49
2025-08-04 09:00:00,21.81
2025-08-04 10:00:00,19.4
2025-08-04 11:00:00,20.41
2025-08-04 12:00:00,23.5
2025-08-04 13:00:00,28.9
2025-08-04 14:00:00,31.75
2025-08-04 15:00:00,31.85
2025-08-04 16:00:00,33.07
2025-08-04 17:00:00,34.95
2025-08-04 18:00:00,37.84
2025-08-04 19:00:00,46.27
2025-08-04 20:00:00,59.53
2025-08-04 21:00:00,51.69
2025-08-04 22:00:00,40.12
2025-08-04 23:00:00,32.27
2025-08-05 00:00:00,24.31
2025-08-05 01:00:00,23.58
2025-08-05 02:00:00,21.44
2025-08-05 03:00:00,20.98
2025-08-05 04:00:00,20.94
2025-08-05 05:00:00,21.29
2025-08-05 06:00:00,23.42
2025-08-05 07:00:00,23.5
2025-08-05 08:00:00,20.56
2025-08-05 09:00:00,16.73
2025-08-05 10:00:00,13.63
2025-08-05 11:00:00,14.84
2025-08-05 12:00:00,17.04
2025-08-05 13:00:00,22.61
2025-08-05 14:00:00,26.66
2025-08-05 15:00:00,30.43
2025-08-05 16:00:00,32.44
2025-08-05 17:00:00,31.96
2025-08-05 18:00:00,31.57
2025-08-05 19:00:00,36.63
2025-08-05 20:00:00,54.26
2025-08-05 21:00:00,51.97
2025-08-05 22:00:00,36.87
2025-08-05 23:00:00,28.65
2025-08-06 00:00:00,23.08
2025-08-06 01:00:00,21.21
2025-08-06 02:00:00,19.58
2025-08-06 03:00:00,18.36
2025-08-06 04:00:00,18.2
2025-08-06 05:00:00,18.63
2025-08-06 06:00:00,20.04
2025-08-06 07:00:00,20.57
2025-08-06 08:00:00,19.21
2025-08-06 09:00:00,15.27
2025-08-06 10:00:00,10.53
2025-08-06 11:00:00,12.51
2025-08-06 12:00:00,16.61
2025-08-06 13:00:00,22.59
2025-08-06 14:00:00,24.92
2025-08-06 15:00:00,26.59
2025-08-06 16:00:00,26.7
2025-08-06 17:00:00,27.66
2025-08-06 18:00:00,29.26
2025-08-06 19:00:00,32.05
2025-08-06 20:00:00,48.63
2025-08-06 21:00:00,53.2
2025-08-06 22:00:00,39.51
2025-08-06 23:00:00,32.76
2025-08-07 00:00:00,24.34
2025-08-07 01:00:00,24.21
2025-08-07 02:00:00,22.18
2025-08-07 03:00:00,20.52
2025-08-07 04:00:00,20.4
2025-08-07 05:00:00,20.57
2025-08-07 06:00:00,22.62
2025-08-07 07:00:00,26.13
2025-08-07 08:00:00,23.63
2025-08-07 09:00:00,17.75
2025-08-07 10:00:00,14.84
2025-08-07 11:00:00,15.88
2025-08-07 12:00:00,20.4
2025-08-07 13:00:00,24.57
2025-08-07 14:00:00,28.28
2025-08-07 15:00:00,30.4
2025-08-07 16:00:00,30.01
2025-08-07 17:00:00,31.4
2025-08-07 18:00:00,33.79
2025-08-07 19:00:00,44.02
2025-08-07 20:00:00,78.34
2025-08-07 21:00:00,84.1
2025-08-07 22:00:00,67.01
2025-08-07 23:00:00,39.02
2025-08-08 00:00:00,29.74
2025-08-08 01:00:00,26.7
2025-08-08 02:00:00,24.82
2025-08-08 03:00:00,22.99
2025-08-08 04:00:00,22.26
2025-08-08 05:00:00,22.26
2025-08-08 06:00:00,22.64
2025-08-08 07:00:00,24.18
2025-08-08 08:00:00,22.6
2025-08-08 09:00:00,17.33
2025-08-08 10:00:00,15.18
2025-08-08 11:00:00,16.91
2025-08-08 12:00:00,21.74
2025-08-08 13:00:00,25.42
2025-08-08 14:00:00,27.24
2025-08-08 15:00:00,28.18
2025-08-08 16:00:00,30.07
2025-08-08 17:00:00,31.58
2025-08-08 18:00:00,32.26
2025-08-08 19:00:00,39.8
2025-08-08 20:00:00,68.18
2025-08-08 21:00:00,71.53
2025-08-08 22:00:00,50.98
2025-08-08 23:00:00,34.12
2025-08-09 00:00:00,27.35
2025-08-09 01:00:00,23.77
2025-08-09 02:00:00,23.22
2025-08-09 03:00:00,21.69
2025-08-09 04:00:00,21.11
2025-08-09 05:00:00,20.82
2025-08-09 06:00:00,20.57
2025-08-09 07:00:00,20.63
2025-08-09 08:00:00,19.16
2025-08-09 09:00:00,14.37
2025-08-09 10:00:00,11.19
2025-08-09 11:00:00,14.74
2025-08-09 12:00:00,17.98
2025-08-09 13:00:00,21.76
2025-08-09 14:00:00,24.61
2025-08-09 15:00:00,25.28
2025-08-09 16:00:00,25.13
2025-08-09 17:00:00,26.66
2025-08-09 18:00:00,26.67
2025-08-09 19:00:00,34.42
2025-08-09 20:00:00,48.16
2025-08-09 21:00:00,48.61
2025-08-09 22:00:00,37.1
2025-08-09 23:00:00,30.25
2025-08-10 00:00:00,25.02
2025-08-10 01:00:00,22.81
2025-08-10 02:00:00,22.05
2025-08-10 03:00:00,21.58
2025-08-10 04:00:00,21.15
2025-08-10 05:00:00,20.73
2025-08-10 06:00:00,20.99
2025-08-10 07:00:00,20.74
2025-08-10 08:00:00,19.9
2025-08-10 09:00:00,15.56
2025-08-10 10:00:00,13.41
2025-08-10 11:00:00,16.08
2025-08-10 12:00:00,19.39
2025-08-10 13:00:00,21.84
2025-08-10 14:00:00,24.41
2025-08-10 15:00:00,25.39
2025-08-10 16:00:00,26.84
2025-08-10 17:00:00,28.72
2025-08-10 18:00:00,31.73
2025-08-10 19:00:00,41.1
2025-08-10 20:00:00,61.39
2025-08-10 21:00:00,60.55
2025-08-10 22:00:00,42.7
2025-08-10 23:00:00,33.91
2025-08-11 00:00:00,26.11
2025-08-11 01:00:00,25.81
2025-08-11 02:00:00,26.47
2025-08-11 03:00:00,25.15
2025-08-11 04:00:00,24.6
2025-08-11 05:00:00,25.56
2025-08-11 06:00:00,28.53
2025-08-11 07:00:00,37.33
2025-08-11 08:00:00,33.0
2025-08-11 09:00:00,24.17
2025-08-11 10:00:00,21.29
2025-08-11 11:00:00,23.21
2025-08-11 12:00:00,29.09
2025-08-11 13:00:00,34.39
2025-08-11 14:00:00,40.53
2025-08-11 15:00:00,44.01
2025-08-11 16:00:00,48.05
2025-08-11 17:00:00,55.54
2025-08-11 18:00:00,71.08
2025-08-11 19:00:00,108.07
2025-08-11 20:00:00,155.54
2025-08-11 21:00:00,128.78
2025-08-11 22:00:00,95.62
2025-08-11 23:00:00,55.99
2025-08-12 00:00:00,41.69
2025-08-12 01:00:00,29.65
2025-08-12 02:00:00,27.16
2025-08-12 03:00:00,25.68
2025-08-12 04:00:00,25.57
2025-08-12 05:00:00,27.89
2025-08-12 06:00:00,33.67
2025-08-12 07:00:00,41.11
2025-08-12 08:00:00,34.9
2025-08-12 09:00:00,26.93
2025-08-12 10:00:00,24.16
2025-08-12 11:00:00,25.44
2025-08-12 12:00:00,27.74
2025-08-12 13:00:00,32.56
2025-08-12 14:00:00,40.26
2025-08-12 15:00:00,50.43
2025-08-12 16:00:00,55.68
2025-08-12 17:00:00,61.93
2025-08-12 18:00:00,95.56
2025-08-12 19:00:00,168.02
2025-08-12 20:00:00,258.64
2025-08-12 21:00:00,262.27
2025-08-12 22:00:00,173.31
2025-08-12 23:00:00,94.16
2025-08-13 00:00:00,54.39
2025-08-13 01:00:00,40.03
2025-08-13 02:00:00,38.8
2025-08-13 03:00:00,37.23
2025-08-13 04:00:00,35.5
2025-08-13 05:00:00,37.31
2025-08-13 06:00:00,39.16
2025-08-13 07:00:00,40.56
2025-08-13 08:00:00,37.38
2025-08-13 09:00:00,25.85
2025-08-13 10:00:00,24.06
2025-08-13 11:00:00,24.96
2025-08-13 12:00:00,29.03
2025-08-13 13:00:00,33.57
2025-08-13 14:00:00,36.48
2025-08-13 15:00:00,41.18
2025-08-13 16:00:00,48.0
2025-08-13 17:00:00,57.61
2025-08-13 18:00:00,72.42
2025-08-13 19:00:00,103.36
2025-08-13 20:00:00,149.02
2025-08-13 21:00:00,112.79
2025-08-13 22:00:00,70.07
2025-08-13 23:00:00,44.4
2025-08-14 00:00:00,34.08
2025-08-14 01:00:00,29.37
2025-08-14 02:00:00,26.19
2025-08-14 03:00:00,24.84
2025-08-14 04:00:00,24.3
2025-08-14 05:00:00,24.33
2025-08-14 06:00:00,25.74
2025-08-14 07:00:00,26.98
2025-08-14 08:00:00,24.51
2025-08-14 09:00:00,19.42
2025-08-14 10:00:00,17.29
2025-08-14 11:00:00,18.74
2025-08-14 12:00:00,21.41
2025-08-14 13:00:00,28.27
2025-08-14 14:00:00,33.58
2025-08-14 15:00:00,36.72
2025-08-14 16:00:00,39.84
2025-08-14 17:00:00,43.89
2025-08-14 18:00:00,45.46
2025-08-14 19:00:00,65.83
2025-08-14 20:00:00,88.89
2025-08-14 21:00:00,66.85
2025-08-14 22:00:00,40.64
2025-08-14 23:00:00,34.05
2025-08-15 00:00:00,27.12
2025-08-15 01:00:00,23.7
2025-08-15 02:00:00,21.66
2025-08-15 03:00:00,21.2
2025-08-15 04:00:00,20.5
2025-08-15 05:00:00,21.25
2025-08-15 06:00:00,22.76
2025-08-15 07:00:00,26.48
2025-08-15 08:00:00,25.37
2025-08-15 09:00:00,19.25
2025-08-15 10:00:00,16.99
2025-08-15 11:00:00,18.07
2025-08-15 12:00:00,20.76
2025-08-15 13:00:00,25.54
2025-08-15 14:00:00,28.43
2025-08-15 15:00:00,28.39
2025-08-15 16:00:00,31.56
2025-08-15 17:00:00,30.86
2025-08-15 18:00:00,31.1
2025-08-15 19:00:00,41.65
2025-08-15 20:00:00,52.66
2025-08-15 21:00:00,50.96
2025-08-15 22:00:00,41.89
2025-08-15 23:00:00,33.51
2025-08-16 00:00:00,27.66
2025-08-16 01:00:00,26.79
2025-08-16 02:00:00,24.38
2025-08-16 03:00:00,22.84
2025-08-16 04:00:00,22.59
2025-08-16 05:00:00,22.82
2025-08-16 06:00:00,24.01
2025-08-16 07:00:00,26.3
2025-08-16 08:00:00,24.19
2025-08-16 09:00:00,19.37
2025-08-16 10:00:00,18.36
2025-08-16 11:00:00,20.03
2025-08-16 12:00:00,23.91
2025-08-16 13:00:00,26.93
2025-08-16 14:00:00,28.78
2025-08-16 15:00:00,31.07
2025-08-16 16:00:00,32.73
2025-08-16 17:00:00,35.78
2025-08-16 18:00:00,38.12
2025-08-16 19:00:00,50.71
2025-08-16 20:00:00,69.87
2025-08-16 21:00:00,60.81
2025-08-16 22:00:00,47.9
2025-08-16 23:00:00,37.53
2025-08-17 00:00:00,31.15
2025-08-17 01:00:00,28.09
2025-08-17 02:00:00,25.46
2025-08-17 03:00:00,24.88
2025-08-17 04:00:00,23.97
2025-08-17 05:00:00,23.58
2025-08-17 06:00:00,22.72
2025-08-17 07:00:00,24.18
2025-08-17 08:00:00,21.54
2025-08-17 09:00:00,17.68
2025-08-17 10:00:00,16.19
2025-08-17 11:00:00,17.45
2025-08-17 12:00:00,20.5
2025-08-17 13:00:00,26.84
2025-08-17 14:00:00,32.05
2025-08-17 15:00:00,33.16
2025-08-17 16:00:00,33.34
2025-08-17 17:00:00,35.76
2025-08-17 18:00:00,39.23
2025-08-17 19:00:00,64.06
2025-08-17 20:00:00,86.58
2025-08-17 21:00:00,83.14
2025-08-17 22:00:00,60.32
2025-08-17 23:00:00,42.56
2025-08-18 00:00:00,35.57
2025-08-18 01:00:00,31.15
2025-08-18 02:00:00,29.01
2025-08-18 03:00:00,27.71
2025-08-18 04:00:00,26.21
2025-08-18 05:00:00,27.25
2025-08-18 06:00:00,29.01
2025-08-18 07:00:00,34.21
2025-08-18 08:00:00,32.23
2025-08-18 09:00:00,23.34
2025-08-18 10:00:00,20.63
2025-08-18 11:00:00,22.49
2025-08-18 12:00:00,27.93
2025-08-18 13:00:00,33.46
2025-08-18 14:00:00,40.61
2025-08-18 15:00:00,47.72
2025-08-18 16:00:00,51.29
2025-08-18 17:00:00,64.75
2025-08-18 18:00:00,81.58
2025-08-18 19:00:00,115.98
2025-08-18 20:00:00,229.62
2025-08-18 21:00:00,218.78
2025-08-18 22:00:00,135.71
2025-08-18 23:00:00,74.44
2025-08-19 00:00:00,45.33
2025-08-19 01:00:00,38.36
2025-08-19 02:00:00,34.83
2025-08-19 03:00:00,33.87
2025-08-19 04:00:00,32.28
2025-08-19 05:00:00,35.1
2025-08-19 06:00:00,40.3
2025-08-19 07:00:00,42.75
2025-08-19 08:00:00,41.31
2025-08-19 09:00:00,30.19
2025-08-19 10:00:00,26.02
2025-08-19 11:00:00,29.59
2025-08-19 12:00:00,33.99
2025-08-19 13:00:00,42.93
2025-08-19 14:00:00,50.78
2025-08-19 15:00:00,62.09
2025-08-19 16:00:00,71.89
2025-08-19 17:00:00,84.14
2025-08-19 18:00:00,100.94
2025-08-19 19:00:00,270.11
2025-08-19 20:00:00,287.0
2025-08-19 21:00:00,295.45
2025-08-19 22:00:00,230.07
2025-08-19 23:00:00,96.08
2025-08-20 00:00:00,74.74
2025-08-20 01:00:00,62.88
2025-08-20 02:00:00,44.14
2025-08-20 03:00:00,40.02
2025-08-20 04:00:00,39.09
2025-08-20 05:00:00,39.86
2025-08-20 06:00:00,43.23
2025-08-20 07:00:00,45.62
2025-08-20 08:00:00,39.83
2025-08-20 09:00:00,24.74
2025-08-20 10:00:00,23.07
2025-08-20 11:00:00,24.41
2025-08-20 12:00:00,29.01
2025-08-20 13:00:00,35.25
2025-08-20 14:00:00,40.92
2025-08-20 15:00:00,44.96
2025-08-20 16:00:00,53.8
2025-08-20 17:00:00,58.83
2025-08-20 18:00:00,69.0
2025-08-20 19:00:00,102.06
2025-08-20 20:00:00,109.79
2025-08-20 21:00:00,113.91
2025-08-20 22:00:00,107.97
2025-08-20 23:00:00,80.49
2025-08-21 00:00:00,54.82
2025-08-21 01:00:00,41.26
2025-08-21 02:00:00,37.94
2025-08-21 03:00:00,36.53
2025-08-21 04:00:00,34.53
2025-08-21 05:00:00,34.92
2025-08-21 06:00:00,37.67
2025-08-21 07:00:00,39.65
2025-08-21 08:00:00,36.13
2025-08-21 09:00:00,26.07
2025-08-21 10:00:00,24.68
2025-08-21 11:00:00,24.86
2025-08-21 12:00:00,26.42
2025-08-21 13:00:00,31.09
2025-08-21 14:00:00,32.74
2025-08-21 15:00:00,36.1
2025-08-21 16:00:00,37.78
2025-08-21 17:00:00,38.77
2025-08-21 18:00:00,43.53
2025-08-21 19:00:00,68.11
2025-08-21 20:00:00,73.86
2025-08-21 21:00:00,73.66
2025-08-21 22:00:00,57.17
2025-08-21 23:00:00,50.38
2025-08-22 00:00:00,37.67
2025-08-22 01:00:00,34.95
2025-08-22 02:00:00,32.58
2025-08-22 03:00:00,32.05
2025-08-22 04:00:00,31.66
2025-08-22 05:00:00,32.92
2025-08-22 06:00:00,36.76
2025-08-22 07:00:00,42.25
2025-08-22 08:00:00,37.46
2025-08-22 09:00:00,25.08
2025-08-22 10:00:00,24.66
2025-08-22 11:00:00,25.06
2025-08-22 12:00:00,25.76
2025-08-22 13:00:00,28.27
2025-08-22 14:00:00,31.35
2025-08-22 15:00:00,33.01
2025-08-22 16:00:00,34.97
2025-08-22 17:00:00,34.64
2025-08-22 18:00:00,38.15
2025-08-22 19:00:00,52.27
2025-08-22 20:00:00,64.01
2025-08-22 21:00:00,60.82
2025-08-22 22:00:00,48.31
2025-08-22 23:00:00,43.06
2025-08-23 00:00:00,35.43
2025-08-23 01:00:00,30.82
2025-08-23 02:00:00,29.13
2025-08-23 03:00:00,27.93
2025-08-23 04:00:00,26.98
2025-08-23 05:00:00,27.79
2025-08-23 06:00:00,29.73
2025-08-23 07:00:00,31.25
2025-08-23 08:00:00,26.75
2025-08-23 09:00:00,18.91
2025-08-23 10:00:00,18.61
2025-08-23 11:00:00,19.81
2025-08-23 12:00:00,22.19
2025-08-23 13:00:00,24.26
2025-08-23 14:00:00,26.57
2025-08-23 15:00:00,32.28
2025-08-23 16:00:00,32.79
2025-08-23 17:00:00,32.16
2025-08-23 18:00:00,33.19
2025-08-23 19:00:00,42.64
2025-08-23 20:00:00,61.95
2025-08-23 21:00:00,57.19
2025-08-23 22:00:00,48.11
2025-08-23 23:00:00,39.94
2025-08-24 00:00:00,35.62
2025-08-24 01:00:00,33.25
2025-08-24 02:00:00,31.58
2025-08-24 03:00:00,30.51
2025-08-24 04:00:00,28.99
2025-08-24 05:00:00,27.49
2025-08-24 06:00:00,29.2
2025-08-24 07:00:00,30.87
2025-08-24 08:00:00,27.21
2025-08-24 09:00:00,18.18
2025-08-24 10:00:00,17.18
2025-08-24 11:00:00,18.21
2025-08-24 12:00:00,20.5
2025-08-24 13:00:00,23.25
2025-08-24 14:00:00,28.65
2025-08-24 15:00:00,34.2
2025-08-24 16:00:00,38.64
2025-08-24 17:00:00,41.67
2025-08-24 18:00:00,46.48
2025-08-24 19:00:00,89.51
2025-08-24 20:00:00,85.94
2025-08-24 21:00:00,72.2
2025-08-24 22:00:00,56.29
2025-08-24 23:00:00,39.29
2025-08-25 00:00:00,31.97
2025-08-25 01:00:00,26.57
2025-08-25 02:00:00,23.72
2025-08-25 03:00:00,23.05
2025-08-25 04:00:00,21.33
2025-08-25 05:00:00,21.19
2025-08-25 06:00:00,23.01
2025-08-25 07:00:00,27.11
2025-08-25 08:00:00,24.43
2025-08-25 09:00:00,19.05
2025-08-25 10:00:00,18.36
2025-08-25 11:00:00,19.82
2025-08-25 12:00:00,22.19
2025-08-25 13:00:00,27.24
2025-08-25 14:00:00,32.19
2025-08-25 15:00:00,36.57
2025-08-25 16:00:00,40.06
2025-08-25 17:00:00,38.2
2025-08-25 18:00:00,40.76
2025-08-25 19:00:00,65.36
2025-08-25 20:00:00,78.38
2025-08-25 21:00:00,58.98
2025-08-25 22:00:00,41.93
2025-08-25 23:00:00,31.82
2025-08-26 00:00:00,25.86
2025-08-26 01:00:00,24.47
2025-08-26 02:00:00,23.04
2025-08-26 03:00:00,21.61
2025-08-26 04:00:00,22.41
2025-08-26 05:00:00,24.05
2025-08-26 06:00:00,27.54
2025-08-26 07:00:00,33.06
2025-08-26 08:00:00,29.47
2025-08-26 09:00:00,22.3
2025-08-26 10:00:00,20.65
2025-08-26 11:00:00,21.83
2025-08-26 12:00:00,25.28
2025-08-26 13:00:00,31.24
2025-08-26 14:00:00,34.08
2025-08-26 15:00:00,37.82
2025-08-26 16:00:00,38.6
2025-08-26 17:00:00,37.41
2025-08-26 18:00:00,35.74
2025-08-26 19:00:00,40.2
2025-08-26 20:00:00,48.88
2025-08-26 21:00:00,41.57
2025-08-26 22:00:00,36.06
2025-08-26 23:00:00,34.13
2025-08-27 00:00:00,30.26
2025-08-27 01:00:00,28.05
2025-08-27 02:00:00,26.47
2025-08-27 03:00:00,25.34
2025-08-27 04:00:00,25.21
2025-08-27 05:00:00,27.03
2025-08-27 06:00:00,30.42
2025-08-27 07:00:00,37.67
2025-08-27 08:00:00,36.2
2025-08-27 09:00:00,24.68
2025-08-27 10:00:00,20.89
2025-08-27 11:00:00,20.68
2025-08-27 12:00:00,22.03
2025-08-27 13:00:00,23.64
2025-08-27 14:00:00,27.93
2025-08-27 15:00:00,31.65
2025-08-27 16:00:00,33.28
2025-08-27 17:00:00,34.09
2025-08-27 18:00:00,35.53
2025-08-27 19:00:00,46.98
2025-08-27 20:00:00,56.71
2025-08-27 21:00:00,53.16
2025-08-27 22:00:00,39.59
2025-08-27 23:00:00,31.34
2025-08-28 00:00:00,25.38
2025-08-28 01:00:00,23.8
2025-08-28 02:00:00,21.58
2025-08-28 03:00:00,20.63
2025-08-28 04:00:00,19.54
2025-08-28 05:00:00,19.91
2025-08-28 06:00:00,20.71
2025-08-28 07:00:00,23.01
2025-08-28 08:00:00,22.44
2025-08-28 09:00:00,16.48
2025-08-28 10:00:00,13.31
2025-08-28 11:00:00,14.23
2025-08-28 12:00:00,18.32
2025-08-28 13:00:00,23.59
2025-08-28 14:00:00,31.74
2025-08-28 15:00:00,39.11
2025-08-28 16:00:00,43.14
2025-08-28 17:00:00,52.52
2025-08-28 18:00:00,81.33
2025-08-28 19:00:00,117.8
2025-08-28 20:00:00,146.14
2025-08-28 21:00:00,103.72
2025-08-28 22:00:00,69.27
2025-08-28 23:00:00,42.34
2025-08-29 00:00:00,34.88
2025-08-29 01:00:00,29.66
2025-08-29 02:00:00,29.1
2025-08-29 03:00:00,27.93
2025-08-29 04:00:00,27.69
2025-08-29 05:00:00,28.74
2025-08-29 06:00:00,31.36
2025-08-29 07:00:00,43.61
2025-08-29 08:00:00,41.82
2025-08-29 09:00:00,30.38
2025-08-29 10:00:00,25.51
2025-08-29 11:00:00,27.14
2025-08-29 12:00:00,31.58
2025-08-29 13:00:00,39.57
2025-08-29 14:00:00,42.42
2025-08-29 15:00:00,50.35
2025-08-29 16:00:00,56.24
2025-08-29 17:00:00,64.35
2025-08-29 18:00:00,66.22
2025-08-29 19:00:00,97.17
2025-08-29 20:00:00,116.59
2025-08-29 21:00:00,92.5
2025-08-29 22:00:00,63.13
2025-08-29 23:00:00,43.06
2025-08-30 00:00:00,36.83
2025-08-30 01:00:00,34.06
2025-08-30 02:00:00,32.15
2025-08-30 03:00:00,30.64
2025-08-30 04:00:00,28.97
2025-08-30 05:00:00,28.5
2025-08-30 06:00:00,28.06
2025-08-30 07:00:00,29.52
2025-08-30 08:00:00,31.09
2025-08-30 09:00:00,27.22
2025-08-30 10:00:00,26.56
2025-08-30 11:00:00,25.78
2025-08-30 12:00:00,26.47
2025-08-30 13:00:00,27.95
2025-08-30 14:00:00,28.34
2025-08-30 15:00:00,31.71
2025-08-30 16:00:00,34.13
2025-08-30 17:00:00,39.51
2025-08-30 18:00:00,38.51
2025-08-30 19:00:00,45.09
2025-08-30 20:00:00,53.32
2025-08-30 21:00:00,47.42
2025-08-30 22:00:00,44.68
2025-08-30 23:00:00,39.59
2025-08-31 00:00:00,35.37
2025-08-31 01:00:00,32.13
2025-08-31 02:00:00,29.57
2025-08-31 03:00:00,28.34
2025-08-31 04:00:00,27.79
2025-08-31 05:00:00,27.48
2025-08-31 06:00:00,27.43
2025-08-31 07:00:00,27.1
2025-08-31 08:00:00,28.07
2025-08-31 09:00:00,28.28
2025-08-31 10:00:00,27.24
2025-08-31 11:00:00,26.92
2025-08-31 12:00:00,27.95
2025-08-31 13:00:00,28.31
2025-08-31 14:00:00,27.6
2025-08-31 15:00:00,27.91
2025-08-31 16:00:00,31.32
2025-08-31 17:00:00,32.46
2025-08-31 18:00:00,32.88
2025-08-31 19:00:00,38.67
2025-08-31 20:00:00,46.43
2025-08-31 21:00:00,50.0
2025-08-31 22:00:00,49.66
2025-08-31 23:00:00,39.33
2025-09-01 00:00:00,35.55
2025-09-01 01:00:00,38.08
2025-09-01 02:00:00,35.62
2025-09-01 03:00:00,34.18
2025-09-01 04:00:00,33.0
2025-09-01 05:00:00,32.16
2025-09-01 06:00:00,29.74
2025-09-01 07:00:00,33.94
2025-09-01 08:00:00,32.23
2025-09-01 09:00:00,28.04
2025-09-01 10:00:00,24.58
2025-09-01 11:00:00,23.73
2025-09-01 12:00:00,23.88
2025-09-01 13:00:00,24.69
2025-09-01 14:00:00,26.76
2025-09-01 15:00:00,31.0
2025-09-01 16:00:00,32.22
2025-09-01 17:00:00,37.44
2025-09-01 18:00:00,41.52
2025-09-01 19:00:00,55.4
2025-09-01 20:00:00,72.88
2025-09-01 21:00:00,68.52
2025-09-01 22:00:00,65.94
2025-09-01 23:00:00,43.67
2025-09-02 00:00:00,37.28
2025-09-02 01:00:00,33.03
2025-09-02 02:00:00,28.95
2025-09-02 03:00:00,27.67
2025-09-02 04:00:00,27.35
2025-09-02 05:00:00,28.98
2025-09-02 06:00:00,32.3
2025-09-02 07:00:00,37.05
2025-09-02 08:00:00,36.4
2025-09-02 09:00:00,23.91
2025-09-02 10:00:00,20.4
2025-09-02 11:00:00,19.65
2025-09-02 12:00:00,20.7
2025-09-02 13:00:00,24.09
2025-09-02 14:00:00,26.26
2025-09-02 15:00:00,27.11
2025-09-02 16:00:00,29.65
2025-09-02 17:00:00,30.93
2025-09-02 18:00:00,33.21
2025-09-02 19:00:00,48.93
2025-09-02 20:00:00,74.72
2025-09-02 21:00:00,70.91
2025-09-02 22:00:00,54.95
2025-09-02 23:00:00,43.64
2025-09-03 00:00:00,35.85
2025-09-03 01:00:00,30.46
2025-09-03 02:00:00,29.4
2025-09-03 03:00:00,28.64
2025-09-03 04:00:00,27.61
2025-09-03 05:00:00,28.65
2025-09-03 06:00:00,30.19
2025-09-03 07:00:00,34.85
2025-09-03 08:00:00,31.46
2025-09-03 09:00:00,22.5
2025-09-03 10:00:00,18.05
2025-09-03 11:00:00,18.86
2025-09-03 12:00:00,20.1
2025-09-03 13:00:00,24.11
2025-09-03 14:00:00,27.38
2025-09-03 15:00:00,29.25
2025-09-03 16:00:00,31.57
2025-09-03 17:00:00,32.73
2025-09-03 18:00:00,37.02
2025-09-03 19:00:00,66.5
2025-09-03 20:00:00,105.54
2025-09-03 21:00:00,79.05
2025-09-03 22:00:00,50.89
2025-09-03 23:00:00,36.65
2025-09-04 00:00:00,27.56
2025-09-04 01:00:00,21.73
2025-09-04 02:00:00,20.25
2025-09-04 03:00:00,18.12
2025-09-04 04:00:00,17.88
2025-09-04 05:00:00,18.02
2025-09-04 06:00:00,19.45
2025-09-04 07:00:00,20.81
2025-09-04 08:00:00,20.6
2025-09-04 09:00:00,17.71
2025-09-04 10:00:00,16.04
2025-09-04 11:00:00,17.82
2025-09-04 12:00:00,20.07
2025-09-04 13:00:00,26.17
2025-09-04 14:00:00,34.51
2025-09-04 15:00:00,39.51
2025-09-04 16:00:00,40.63
2025-09-04 17:00:00,41.35
2025-09-04 18:00:00,44.91
2025-09-04 19:00:00,71.87
2025-09-04 20:00:00,93.3
2025-09-04 21:00:00,54.57
2025-09-04 22:00:00,40.75
2025-09-04 23:00:00,28.21
2025-09-05 00:00:00,24.54
2025-09-05 01:00:00,22.78
2025-09-05 02:00:00,20.35
2025-09-05 03:00:00,18.88
2025-09-05 04:00:00,18.56
2025-09-05 05:00:00,19.5
2025-09-05 06:00:00,21.25
2025-09-05 07:00:00,22.66
2025-09-05 08:00:00,22.68
2025-09-05 09:00:00,21.17
2025-09-05 10:00:00,20.29
2025-09-05 11:00:00,22.26
2025-09-05 12:00:00,24.21
2025-09-05 13:00:00,27.58
2025-09-05 14:00:00,32.74
2025-09-05 15:00:00,37.57
2025-09-05 16:00:00,43.18
2025-09-05 17:00:00,53.23
2025-09-05 18:00:00,58.95
2025-09-05 19:00:00,66.67
2025-09-05 20:00:00,60.64
2025-09-05 21:00:00,46.69
2025-09-05 22:00:00,40.84
2025-09-05 23:00:00,37.84
2025-09-06 00:00:00,34.15
2025-09-06 01:00:00,33.98
2025-09-06 02:00:00,31.97
2025-09-06 03:00:00,31.11
2025-09-06 04:00:00,29.18
2025-09-06 05:00:00,29.93
2025-09-06 06:00:00,28.84
2025-09-06 07:00:00,28.05
2025-09-06 08:00:00,28.36
2025-09-06 09:00:00,28.09
2025-09-06 10:00:00,26.9
2025-09-06 11:00:00,27.53
2025-09-06 12:00:00,27.49
2025-09-06 13:00:00,30.83
2025-09-06 14:00:00,31.21
2025-09-06 15:00:00,30.67
2025-09-06 16:00:00,31.89
2025-09-06 17:00:00,33.8
2025-09-06 18:00:00,37.07
2025-09-06 19:00:00,54.07
2025-09-06 20:00:00,56.41
2025-09-06 21:00:00,47.02
2025-09-06 22:00:00,45.24
2025-09-06 23:00:00,45.34
2025-09-07 00:00:00,39.17
